			1, ˉ	2, ˊ	3, ˇ	4, ˋ	5, .
а	a		ā 阿,啊,呵,锕,吖	á 啊,嗄	ǎ 啊	à 啊	a 啊
ай	ai		āi 埃,哀,挨,唉,哎,锿	ái 癌,挨,皑,捱,騃,硙	ǎi 矮,蔼,嗳,霭,靄,藹	ài 爱,艾,碍,唉,隘,暧,嗳,嗌,砹,嫒,瑷,礙,鴱,靉,賹,鑀,薆,愛,曖,㝵	
ань	an		ān 安,庵,氨,鞍,谙,鹌,桉,鮟,鶕,菴,盦,盫,韽,裺,鵪		ǎn 俺,铵,埯,揞,罯	àn 案,按,暗,岸,黯,胺,犴,闇,貋	
ан	ang		āng 肮,骯	áng 昂,卬		àng 盎	
ао	ao		āo 熬,凹	áo 熬,鳌,敖,嗷,翱,鏖,遨,螯,獒,聱,鰲,廒,鏕,謸	ǎo 袄,媪,襖	ào 奥,澳,傲,懊,拗,坳,鏊,骜,岙,驁,奧	
ба	ba		bā 八,吧,巴,叭,疤,扒,芭,笆,粑,捌,鲃,岜,釟,丷	bá 拔,跋,魃,菝,茇,軷,鼥,抜	bǎ 把,靶,钯	bà 把,伯,爸,罢,霸,坝,耙,杷,鲅,灞,鲌,鮊,罷,鮁,覇,壩	ba 吧,罢,罷
бай	bai		bāi 掰	bái 白	bǎi 百,伯,摆,柏,佰,捭,襬,擺	bài 败,拜,呗,稗,粺,贁,薭,敗,拝,唄	
бань	ban		bān 般,班,搬,斑,颁,扳,瘢,癍,頒		bǎn 版,板,阪,坂,舨,钣,闆	bàn 办,半,伴,扮,瓣,绊,拌,辦,跘,絆	
бан	bang		bāng 帮,邦,梆,浜,邫,幫		bǎng 膀,绑,榜,綁	bàng 膀,棒,镑,傍,磅,谤,蚌,蒡,稖,艕,蛖,謗	
бао	bao		bāo 包,炮,胞,剥,褒,苞,孢,龅,煲,笣,剝,勹	báo 薄,雹,窇	bǎo 保,宝,堡,饱,葆,褓,鸨,飽,賲,藵,寶	bào 报,暴,抱,爆,鲍,豹,瀑,刨,趵,菢,袌,報	
бэй	bei		bēi 背,悲,杯,卑,碑,陂,鹎,藣,盃,揹		běi 北	bèi 被,备,背,贝,倍,辈,惫,狈,悖,钡,蓓,焙,孛,碚,鞴,鐾,褙,貝,誖,邶,骳,輩,鋇,備,狽,憊	bei 呗,唄
бэнь	ben		bēn 奔,贲,锛,賁		běn 本,苯,畚,翉	bèn 奔,笨,夯,坌	
бэн	beng		bēng 崩,绷,嘣,繃	béng 甭	běng 绷,繃,鞛	bèng 蹦,迸,泵,蚌,甏,鏰,镚,跰	
би	bi		bī 逼,螕,鲾	bí 鼻,荸	bǐ 比,笔,彼,鄙,匕,俾,吡,妣,筆,秕,舭,聛,貏,粃	bì 必,秘,避,毕,币,闭,壁,臂,蔽,辟,碧,弊,毙,拂,陛,庇,婢,敝,痹,璧,弼,裨,愎,贲,蓖,跸,毖,哔,薜,嬖,畀,铋,篦,睥,髀,濞,閉,萆,襞,荜,筚,狴,禆,邲,閟,躄,滗,苾,庳,觱,诐,箅,粊,鶝,綼,袐,蜌,鼊,鐴,詖,篳,罼,繴,赑,饆,鉍,駜,鷩,縪,賁,驆,鮅,幣,痺,斃,畢,畐	
бянь	bian		biān 边,编,鞭,蝙,砭,笾,鳊,煸,邊,編,邉,箯,辺		biǎn 扁,贬,匾,褊,窆,碥,覵,貶	biàn 变,便,遍,辩,辨,辫,汴,卞,弁,變,苄,缏,辯,釆,忭,覍,緶,艑,変,辮	bian 边,邊
бяо	biao		biāo 标,彪,镖,飙,镳,膘,飚,杓,髟,贆,飑,麃,飆,磦,鑣,鏢,臕,颩,脿,藨,標,灬		biǎo 表,婊,裱,諘,俵,錶	biào 鳔	
бе	bie		biē 憋,鳖,鼈,鱉	bié 别,蹩,莂,別	biě 瘪	biè 别,彆	
бинь	bin		bīn 宾,斌,滨,彬,濒,缤,浜,傧,豳,镔,邠,蠙,賓,砏,濱,瀕			bìn 鬓,殡,摈,膑,髌,鬂,臏,髕,鬢	
бин	bing		bīng 兵,冰,屏,槟,氷,冫		bǐng 屏,柄,饼,丙,秉,禀,炳,邴,稟,餅,鈵,鉼,絣	bìng 并,病,摒,竝,併,並	
бо	bo		bō 波,播,玻,拨,剥,钵,蕃,啵,饽,菠,缽,礡,蹳,鉢,剝,撥	bó 伯,博,薄,勃,柏,驳,泊,脖,舶,搏,膊,帛,渤,箔,铂,礴,钹,鹁,亳,鲌,鮊,髆,駮,踣,誖,镈,艊,鑮,鈸,穛,髉,駁	bǒ 簸,跛,蚾	bò 薄,柏,簸,擘,捭,檗	bo 卜,啵,蔔
бу	bu		bū 哺,逋,晡,钸,餔,鵏,鈽	bú 醭,鳪	bǔ 补,捕,卜,哺,補,卟	bù 不,部,步,布,怖,哺,簿,埔,埠,钚,瓿,钸,蔀,篰,鈽,踄,歩,捗,佈	
ца	ca		cā 擦,嚓		cǎ 礤		
цай	cai		cāi 猜	cái 才,财,材,裁,纔,財	cǎi 采,彩,踩,睬,綵,採	cài 采,菜,蔡,縩	
цань	can		cān 参,餐,骖,驂,喰	cán 残,蚕,惭,蠶,殘,慚	cǎn 惨,黪,篸,慘	càn 灿,璨,粲,孱,燦	
цан	cang		cāng 苍,舱,仓,沧,伧,蒼,篬,鸧,螥,艙,倉,滄	cáng 藏,蔵			
цао	cao		cāo 操,糙	cáo 曹,槽,嘈,漕,螬,艚,蓸	cǎo 草,艸,艹	cào 草,操,肏,鼜	
цэ	ce					cè 策,测,侧,册,厕,恻,筴,粣,笧,萗,箣,蓛,測,側,冊,廁	
цэнь	cen		cēn 篸	cén 岑,涔			
цэн	ceng		cēng 噌	céng 曾,层,曽,層		cèng 蹭	
ча	cha		chā 差,插,叉,喳,嚓,杈,锸,馇,艖,臿,鍤,挿	chá 查,察,茶,叉,茬,碴,搽,楂,槎,檫,猹,詧,秅,査	chǎ 叉,衩,蹅,镲	chà 差,刹,诧,岔,杈,衩,姹,汊,詫,剎	
чай	chai		chāi 差,拆,钗,肞	chái 柴,豺,侪	chǎi 茝	chài 虿,瘥,袃,蠆	
чань	chan		chān 掺,搀,觇,辿,攙	chán 缠,禅,崭,蝉,馋,蟾,婵,潺,谗,孱,廛,澶,蟬,躔,酁,繟,镵,鋋,鑱,纒,禪,纏,鄽,嶄,饞	chǎn 产,阐,铲,谄,蒇,冁,繟,諂,鏟,閳,闡,骣,産,產	chàn 颤,忏,羼,顫,韂,硟	
чан	chang		chāng 昌,猖,娼,菖,伥,阊,鲳,閶,闛	cháng 长,常,场,偿,尝,肠,倘,裳,嫦,長,苌,腸,徜,鲿,場,償,嘗,嚐	chǎng 场,厂,敞,昶,氅,惝,鋹,場,廠	chàng 唱,畅,倡,怅,鬯,暢	
чао	chao		chāo 超,抄,剿,钞,绰,焯,窼,怊,鈔,綽	cháo 朝,潮,巢,嘲,晁,鼂,謿,鄛,巣	chǎo 吵,炒,麨	chào 耖	
чэ	che		chē 车,砗,車		chě 尺,扯	chè 彻,撤,辙,澈,掣,坼,徹,屮,轍	
чэнь	chen		chēn 沉,琛,嗔,抻,郴,綝,瞋	chén 陈,沉,臣,晨,沈,尘,辰,忱,谌,宸,陳,蔯,軙,麎,茞,跈,鈂,塵	chěn 碜,贂,踸,磣	chèn 称,趁,衬,谶,榇,龀,稱,穪,襯	
чэн	cheng		chēng 称,撑,秤,瞠,铛,稱,噌,蛏,柽,鐣,穪,赪,頳,鏿,碀,矃,淨,撐	chéng 成,程,城,承,盛,诚,乘,呈,惩,澄,丞,橙,晟,裎,枨,铖,塍,酲,埕,郕,脭,誠,絾,懲,乗	chěng 逞,骋,裎,樘,騁	chèng 称,秤,稱,穪	
чи	chi		chī 离,吃,痴,嗤,哧,蚩,笞,魑,媸,螭,鸱,郗,粚,眵,胵,絺,鴟,鵄,喫	chí 持,迟,池,驰,匙,弛,篪,墀,踟,坻,茌,遲,馳,菭,邌,竾,筂,遅	chǐ 尺,齿,耻,侈,褫,豉,齒,恥,歯,呎	chì 赤,斥,翅,叱,炽,敕,饬,啻,瘛,踅,傺,趩,飭,鶒,鷘,勅,彳	
чун	chong		chōng 充,冲,涌,忡,憧,舂,艟,衝,翀,茺,蹖,沖	chóng 重,虫,崇,蟲	chǒng 宠,寵	chòng 冲,铳,衝,銃	
чоу	chou		chōu 抽,瘳	chóu 仇,筹,酬,愁,绸,畴,踌,稠,惆,俦,雠,紬,雔,帱,籌,裯,醻,鯈,絒,讐,躊,綢,疇	chǒu 丑,瞅,醜	chòu 臭	chou 鮘
чу	chu		chū 出,初,樗,貙,齣	chú 除,厨,橱,躇,雏,锄,刍,蜍,蹰,滁,鉏,鋤,蒭,豠,耡,芻,篨,雛,廚,櫥	chǔ 处,楚,础,储,褚,杵,處,禇,楮,礎,齼,処,儲	chù 处,触,畜,矗,搐,黜,怵,绌,處,憷,觸,臅,竌,亍	
чуа	chua						
чуай	chuai		chuāi 揣,搋	chuái 膗	chuǎi 揣	chuài 踹,嘬,膪	
чуань	chuan		chuān 穿,川,氚,巛	chuán 传,船,椽,遄,伝,傳	chuǎn 喘,舛,荈	chuàn 串,钏	
чуан	chuang		chuāng 创,窗,疮,囱,窓,創,瘡	chuáng 床,幢,牀	chuǎng 闯,闖	chuàng 创,怆,創	
чуй	chui		chuī 吹,炊	chuí 垂,椎,锤,捶,槌,陲,棰,箠,腄,鎚,顀,菙,錘			
чунь	chun		chūn 春,椿,蝽,輴	chún 纯,唇,醇,淳,鹑,莼,純,蓴,錞,陙,鯙,脣,醕	chǔn 蠢,賰		
чо	chuo		chuō 戳,踔			chuò 绰,缀,啜,辍,龊,醊,辵,磭,踀,箹,綴,綽,⻌	
цы	ci		cī 刺,疵,呲	cí 词,辞,慈,磁,茨,瓷,雌,祠,鹚,糍,詞,餈,薋,辭,鴜,飺	cǐ 此,跐	cì 次,刺,赐,伺,莿,賜	
цун	cong		cōng 匆,聪,葱,囱,枞,苁,骢,璁,茐,蓯,聦,鏦,聰,蔥,驄,鍐,聡	cóng 从,丛,淙,琮,賨,誴,従,從,叢		còng 謥	
цоу	cou					còu 凑,辏,腠,輳,楱,湊	
цу	cu		cū 粗,麄,麆,麤	cú 徂,殂		cù 促,卒,簇,醋,猝,蹙,酢,蹴,蔟,踧	
цуань	cuan		cuān 蹿,撺,汆,镩	cuán 攒,攢		cuàn 窜,篡,爨,竄,窾	
цуй	cui		cuī 衰,催,摧,崔,榱,缞,脺,磪		cuǐ 璀,趡	cuì 粹,脆,翠,悴,萃,瘁,啐,淬,粋,膬,臎,膵,毳,翆,紣	
цунь	cun		cūn 村,邨,皴,膥	cún 存	cǔn 忖	cùn 寸,吋	
цо	cuo		cuō 搓,磋,撮,蹉,瑳	cuó 痤,矬,鹾,嵯,瘥,虘,睉	cuǒ 脞	cuò 错,措,挫,厝,锉,錯	
да	da		dā 答,搭,哒,耷,褡,跶	dá 打,达,答,瘩,沓,鞑,靼,妲,笪,怛,達,荅,迏,繨,荙	dǎ 打	dà 大	da 疸
дай	dai		dāi 待,呆		dǎi 逮,歹,傣	dài 大,代,带,待,戴,袋,贷,逮,黛,怠,殆,岱,迨,玳,甙,绐,埭,轪,艜,襶,貣,簤,貸,鮘,帯,帶	
дань	dan		dān 单,担,丹,耽,眈,郸,殚,聃,儋,箪,酖,瘅,聸,簞,躭,襌,単,單,擔		dǎn 胆,掸,疸,膽,赕	dàn 但,石,弹,担,淡,旦,蛋,诞,氮,惮,澹,啖,萏,瘅,霮,蓞,蜑,饏,駳,誕,髧,弾,憚,彈,擔	
дан	dang		dāng 当,裆,铛,簹,當,噹		dǎng 党,档,挡,谠,黨,讜,檔,擋	dàng 当,荡,档,挡,宕,凼,砀,菪,逿,簜,趤,碭,礑,當,檔,蕩,擋	
дао	dao		dāo 刀,叨,氘,忉,鱽,魛,刂		dǎo 导,倒,岛,祷,蹈,捣,禱,隝,導,島,嶋,搗,擣	dào 到,道,倒,盗,稻,悼,焘,纛,帱,盜,稲,衟,翢,軇	
дэ	de			dé 得,德,锝,徳,㝵			de 的,地,得,底
дэй	dei				děi 得		
дэнь	den						
дэн	deng		dēng 登,灯,蹬,簦,噔,燈		děng 等,戥	dèng 邓,瞪,凳,澄,镫,嶝,磴,鄧,隥	
ди	di		dī 的,低,滴,堤,嘀,氐,羝,镝,鞮,磾,袛,隄	dí 的,敌,迪,狄,笛,涤,嫡,翟,荻,绦,籴,镝,觌,絛,篴,糴,靮,鬄,敵	dǐ 底,抵,邸,砥,氐,诋,骶,柢,坻,菧,觝,聜,軧,牴	dì 的,地,第,帝,弟,蒂,递,缔,谛,棣,娣,睇,碲,遆,遞,禘,菂,締,釱,腣,逓,諦,祶	
дя	dia				diǎ 嗲		
дянь	dian		diān 颠,癫,滇,巅,掂,齻,顛,蹎,槙,槇,佔		diǎn 点,典,碘,踮,點,蒧	diàn 电,店,殿,甸,垫,奠,淀,佃,惦,玷,癜,钿,靛,簟,電,阽,坫,蜔,鈿,磹,墊,澱	
дяо	diao		diāo 雕,刁,碉,凋,叼,貂,鲷,鵰,鯛,彫		diǎo 鸟,鳥	diào 调,掉,吊,钓,調,铫,铞,訋,釣,窎,蓧,弔	
де	die		diē 跌,爹	dié 叠,蝶,谍,碟,迭,喋,牒,堞,蹀,耋,鲽,垤,绖,眰,褋,瓞,蜨,眣,耊,镻,詄,畳,諜,疊			
дин	ding		dīng 丁,盯,钉,叮,町,酊,仃,玎,疔,耵,釘,虰		dǐng 顶,鼎,酊,頂,艼,鐤,鼑	dìng 定,订,钉,锭,铤,啶,碇,腚,訂,釘,饤,碠,磸,錠	
дю	diu		diū 丢,铥,颩,丟				
дун	dong		dōng 东,冬,咚,氡,鸫,岽,鶇,蝀,笗,鶫,菄,東,鼕		dǒng 懂,董,箽	dòng 动,洞,冻,栋,恫,侗,峒,胴,胨,硐,霘,垌,凍,棟,動,働,丼	
доу	dou		dōu 都,兜,蔸,篼		dǒu 斗,抖,陡,蚪	dòu 斗,读,豆,逗,窦,痘,讀,饾,餖,竇,閗,脰,荳,闘,鬥	
ду	du		dū 都,督,嘟,阇,闍	dú 独,读,毒,渎,犊,牍,黩,髑,讀,椟,讟,韥,鑟,読,獨	dǔ 肚,赌,堵,睹,笃,竺,覩,篤,賭	dù 度,杜,渡,肚,妒,镀,蠹,芏,鍍,秺,妬	
дуань	duan		duān 端		duǎn 短	duàn 断,段,锻,缎,椴,煅,鍛,緞,葮,斷	
дуй	dui		duī 追,堆,鴭		duǐ 怼	duì 对,队,兑,怼,碓,隊,憝,祋,陮,対,兌,對	
дунь	dun		dūn 吨,敦,蹲,墩,礅,鐓,蹾,镦,惇,噸		dǔn 盹,趸,躉	dùn 顿,盾,钝,遁,沌,炖,囤,砘,遯,鈍,逇,頓	
до	duo		duō 多,哆,咄,掇,裰	duó 度,夺,踱,铎,奪	duǒ 朵,躲,垛,缍,哚,軃,躱	duò 堕,舵,惰,驮,跺,垛,剁,沲,饳,墮	
э	e		ē 阿,婀,屙	é 额,俄,哦,鹅,娥,峨,蛾,讹,莪,锇,蚵,額,訛,譌,睋,鵝	ě 恶,頋,惡	è 恶,饿,厄,遏,愕,扼,鄂,呃,噩,鳄,颚,萼,谔,垩,鹗,锷,轭,阏,腭,苊,阨,鰪,蕚,顎,詻,軛,阸,頞,鶚,鍔,礘,鈪,讍,餓,悪,惡,鱷	
эй	ei		ēi 诶	éi 诶	ěi 诶	èi 诶	
энь	en		ēn 恩,嗯,蒽			èn 嗯,摁	en 嗯
эн	eng						
эр	er			ér 而,儿,鸸,粫,鲕,輀,胹,児,兒	ěr 尔,耳,饵,珥,迩,洱,铒,薾,邇,餌,趰,爾	èr 二,贰,佴,貮,弐,貳	
фа	fa		fā 发,酦,醱,発,發	fá 罚,乏,伐,阀,筏,垡,茷,瞂,罰,閥	fǎ 法,砝	fà 发,珐,髮,髪,蕟	
фань	fan		fān 翻,番,帆,藩,幡,蕃,籓,繙,轓	fán 凡,烦,繁,樊,蕃,燔,矾,钒,蘩,蹯,鐇,膰,鷭,蠜,薠,緐,笲,煩	fǎn 反,返,払	fàn 范,犯,饭,泛,贩,梵,畈,範,飯,販,訉,軓,盕,飰,軬,輽,氾,汎	
фан	fang		fāng 方,芳,坊,枋,匚,钫,趽,邡	fáng 房,防,妨,坊,肪,鲂	fǎng 访,仿,纺,舫,髣,訪,眆,倣,紡	fàng 放,趽	
фэй	fei		fēi 非,飞,菲,啡,妃,绯,扉,霏,鲱,飛,鯡,騛,裶,緋	féi 肥,腓,淝	fěi 菲,匪,斐,诽,翡,蜚,榧,悱,篚,蕜,誹	fèi 费,废,肺,沸,狒,吠,芾,砩,怫,痱,镄,費,鐨,廃,廢	
фэнь	fen		fēn 分,纷,芬,氛,吩,酚,玢,雰,紛,翂,訜,鈖,砏	fén 坟,焚,汾,棼,蕡,鼢,鼖,魵,蚡,墳	fěn 粉,羵,黺	fèn 分,份,奋,愤,粪,忿,偾,糞,膹,瞓,鲼,奮,憤	
фэн	feng		fēng 风,封,丰,峰,疯,锋,蜂,枫,烽,沣,酆,風,葑,砜,豐,鄷,蠭,盽,碸,鋒,楓,瘋,峯	féng 冯,缝,逢,縫,馮,艂	fěng 讽,唪,覂,諷	fèng 奉,凤,缝,俸,縫,赗,鳳	
	fiao					fiào 覅	
фо	fo			fó 佛,仏			
фоу	fou				fǒu 否,缶,缻		
фу	fu		fū 夫,肤,敷,孵,趺,呋,跗,麸,膚,稃,鄜,鈇,綒,麩,伕,尃	fú 服,夫,福,佛,符,弗,伏,幅,浮,扶,俘,辐,拂,芙,蝠,袱,孚,氟,匐,苻,茯,蚨,郛,芾,凫,涪,砩,菔,罘,蜉,怫,莩,桴,绂,祓,黻,茀,幞,绋,笰,鮄,袚,葍,鶝,綍,襆,艴,虙,韨,髴,韍,纀,豧,輻,払,畐	fǔ 府,腐,抚,辅,甫,俯,斧,脯,腑,釜,拊,呒,黼,輔,頫,滏,鯆,郙,釡,簠,撫,阝	fù 服,复,父,负,富,副,付,附,妇,腹,赋,覆,赴,傅,咐,缚,阜,驸,蝮,馥,讣,鲋,褔,複,赙,負,袝,賦,祔,鳆,禣,訃,鍑,蕧,縛,復,婦,彿	
га	ga		gā 旮	gá 嘎,轧,噶,钆,尜,軋	gǎ 尕	gà 尬	
гай	gai		gāi 该,赅,垓,陔,該,荄,賅		gǎi 改	gài 概,盖,丐,钙,溉,芥,蓋,戤,鈣,葢,匃	
гань	gan		gān 干,甘,肝,杆,尴,竿,柑,苷,矸,酐,泔,疳,坩,筸,粓,尷		gǎn 感,敢,赶,杆,橄,秆,擀,鳡,簳,澉,鱤,趕,稈,桿	gàn 干,赣,淦,绀,旰,簳,紺,幹,榦	
ган	gang		gāng 刚,钢,纲,冈,缸,扛,杠,肛,罡,綱,舡,鋼,罁,釭,笐,岡,剛,摃		gǎng 港,岗,崗	gàng 杠,戆,筻,槓	
гао	gao		gāo 高,糕,膏,睾,羔,皋,篙,槔,鷱,臯,韟,羙,皐		gǎo 搞,稿,镐,槁,杲,缟,藁,菒,縞,藳	gào 告,膏,诰,锆,郜,誥,祮,筶,禞,祰	
гэ	ge		gē 哥,歌,割,戈,搁,胳,鸽,咯,疙,圪,纥,袼,仡,鴿,紇,擱	gé 格,革,隔,阁,葛,搁,骼,蛤,嗝,镉,搿,騔,膈,鬲,茖,閤,閣,轕,裓,塥,輵,鎘,擱	gě 合,盖,葛,舸,哿,蓋	gè 个,各,铬,虼,硌,箇,個	
гэй	gei		gēi 克		gěi 给,給		
гэнь	gen		gēn 根,跟	gén 哏	gěn 艮	gèn 亘,艮,茛	
гэн	geng		gēng 更,耕,庚,赓,羹,絙,鶊,鹒,縆,賡,羮		gěng 耿,梗,哽,埂,鲠,绠,鯁,骾	gèng 更,縆	
гун	gong		gōng 公,工,功,供,攻,宫,恭,弓,躬,龚,蚣,觥,肱,碽,龔,宮		gǒng 巩,拱,汞,珙,鞏,廾	gòng 共,供,贡,貢	
гоу	gou		gōu 句,沟,勾,钩,篝,枸,佝,鞲,缑,鉤,袧,簼,褠,緱,溝,鈎		gǒu 狗,苟,枸,笱,岣,耈,耇	gòu 构,够,购,勾,垢,媾,诟,彀,觏,遘,購,詬,雊,訽,糓,覯,構,夠,搆	
гу	gu		gū 姑,估,孤,咕,辜,菇,呱,沽,箍,轱,鸪,蛄,毂,菰,觚,酤,笟,鴣,苽,轂,箛		gǔ 古,股,骨,谷,鼓,贾,蛊,鹄,汩,钴,毂,诂,牯,嘏,罟,瞽,穀,臌,賈,蓇,馉,脵,轂,盬,糓	gù 故,顾,固,估,雇,锢,梏,崮,痼,顧,鲴,鯝,祻,牿,錮,僱	
гуа	gua		guā 瓜,刮,胍,鸹,栝,筈,緺,鴰,騧,颳		guǎ 寡,剐	guà 挂,卦,褂,诖,罣,詿,袿,絓,掛	
гуай	guai		guāi 乖,掴		guǎi 拐,枴,柺	guài 怪,夬	
гуань	guan		guān 关,观,官,冠,棺,倌,莞,關,鳏,觀,矝,蒄,窤,関,観		guǎn 管,馆,莞,鳤,筦,館,輨,錧	guàn 观,惯,贯,冠,灌,罐,鹳,盥,涫,掼,觀,祼,矔,雚,罆,貫,鏆,鑵,慣,毌	
гуан	guang		guāng 光,胱,咣,銧,桄,硄,洸		guǎng 广,犷,広,廣	guàng 逛,桄	
гуй	gui		guī 规,归,龟,瑰,硅,闺,圭,皈,傀,鲑,妫,規,邽,龜,沩,鬶,瞡,鮭,亀,帰,槻,歸		guǐ 鬼,轨,诡,癸,庋,匦,宄,晷,簋,軌,祪,軓,詭	guì 贵,桂,柜,跪,匮,刽,桧,炔,炅,刿,鱖,鳜,貴,螝,鱥,瞆,禬,硊,蓕,襘,櫃	
гунь	gun				gǔn 滚,衮,鲧,绲,辊,磙,袞,緷,鮌,緄,鯀,輥,滾,丨	gùn 棍,謴	
го	guo		guō 郭,锅,涡,蝈,聒,崞,呙,埚,鍋,渦	guó 国,帼,虢,腘,馘,膕,聝,國	guǒ 果,裹,猓,馃,椁,蜾,綶,菓,粿	guò 过,過,腂	guo 过,過
ха	ha		hā 哈,铪	há 虾,蛤,蝦	hǎ 哈		
хай	hai		hāi 咳,嗨	hái 还,孩,骸,還	hǎi 海,醢,胲,酼	hài 害,骇,亥,氦,餀	
хань	han		hān 酣,憨,鼾,蚶,顸,谽,魽	hán 含,韩,寒,汗,函,涵,邯,晗,焓,邗,肣,韓	hǎn 厂,喊,罕,蔊	hàn 汉,汗,翰,憾,旱,撼,悍,捍,瀚,焊,颔,菡,肣,頷,睅,鋎,銲,漢	
хан	hang		hāng 夯	háng 行,航,杭,吭,桁,颃,蚢,迒,绗		hàng 沆	
хао	hao		hāo 蒿,薅,嚆	háo 号,毫,豪,壕,嚎,嗥,蚝,濠,號,蠔,籇	hǎo 好,郝	hào 好,号,耗,浩,皓,昊,镐,颢,灏,鄗,號,薃	
хэ	he		hē 喝,呵,诃,嗬,蠚	hé 和,合,何,河,核,荷,盒,颌,禾,劾,涸,阂,阖,龢,纥,菏,曷,郃,貉,盍,蓋,翮,饸,龁,閤,鲄,盇,鞨,詥,釛,粭,鶡,麧,覈,鹖,礉,紇,頜,魺,盉,閡		hè 和,喝,赫,荷,吓,贺,鹤,褐,壑,賀,翯,袔,隺,鸖,鶴,嚇	
хэй	hei		hēi 黑,嘿,黒				
хэнь	hen			hén 痕,鞎	hěn 很,狠,哏,詪	hèn 恨	
хэн	heng		hēng 哼,亨,脝	héng 横,衡,恒,珩,桁,蘅,鸻,鐄,鴴,橫,恆		hèng 横,橫	
хм	hm						
хн	hng						
хун	hong		hōng 轰,哄,烘,訇,薨,鍧,軣,轟	hóng 红,洪,宏,鸿,虹,弘,泓,荭,竑,闳,紅,纮,魟,黉,翃,鋐,鴻,紭,紘,竤,谼	hǒng 哄	hòng 哄,汞,讧,蕻,闀,訌,鬨	
хоу	hou		hōu 齁	hóu 侯,喉,猴,糇,骺,篌,睺,瘊,餱,翭,葔	hǒu 吼	hòu 后,候,厚,後,逅,鲎,堠,郈	
ху	hu		hū 乎,呼,忽,惚,唿,芴,滹,烀,虖,膴,轷	hú 和,胡,湖,糊,狐,壶,蝴,弧,瑚,葫,鹄,斛,鹘,囫,鹕,槲,觳,猢,煳,醐,縠,餬,魱,鍸,隺,礐,壷,壺,鬍	hǔ 虎,唬,浒,琥,虝	hù 护,户,互,糊,沪,扈,笏,祜,怙,岵,瓠,鹱,護,戽,鱯,鄠,粐,鳠,冱,綔,豰,戸,戶	
хуа	hua		huā 化,花,华,哗,砉,華,糀,嘩	huá 华,划,滑,哗,豁,猾,骅,铧,華,驊,譁,螖,嘩,劃		huà 话,化,划,画,桦,話,繣,枠,樺,畫,劃	
хуай	huai			huái 怀,淮,徊,槐,踝,褱,懐,懷		huài 坏,壊,壞	
хуань	huan		huān 欢,獾,驩,貛,讙,歓,歡	huán 还,环,桓,寰,洹,還,圜,萑,鬟,鹮,锾,垸,缳,阛,镮,絙,繯,萈,綄,環	huǎn 缓,緩,睆	huàn 换,患,幻,唤,焕,宦,痪,豢,奂,涣,浣,逭,漶,鲩,擐,轘,藧,鯶,綄,喚,換,煥,瘓	
хуан	huang		huāng 荒,慌,肓	huáng 黄,煌,惶,凰,蝗,簧,磺,徨,璜,隍,潢,湟,黃,遑,篁,鳇,蟥,锽,鰉,艎,癀,趪,葟	huǎng 晃,谎,恍,幌,詤,滉,謊	huàng 晃	
хуэй	hui		huī 挥,灰,恢,辉,徽,晖,诙,麾,虺,咴,隳,袆,詼,翬,翚,褌,輝,豗,揮,暉,煇	huí 回,蛔,洄,茴,迴,蚘,鮰,廻	huǐ 毁,悔,虺,螝,毀,燬,譭	huì 会,汇,慧,惠,绘,贿,讳,晦,秽,卉,诲,彗,恚,喙,荟,蕙,烩,蟪,缋,翙,哕,阓,顪,篲,譓,詯,賄,諱,銊,穢,鐬,鏸,恵,絵,彙,會,繪,匯	
хунь	hun		hūn 婚,昏,荤,阍,葷,轋,睧,閽	hún 混,魂,浑,馄,珲,餫,渾		hùn 混,诨,溷,眃,睴	
хо	huo		huō 豁,攉,劐	huó 和,活,秳	huǒ 火,伙,夥,钬,灬	huò 和,或,获,货,霍,惑,祸,豁,蠖,藿,嚯,镬,锪,禍,貨,臛,艧,穫,靃,鑊,礊,雘,獲	
цзи	ji		jī 机,几,基,击,奇,居,激,积,鸡,肌,玑,饥,稽,圾,姬,讥,畸,缉,叽,矶,羁,唧,跻,嵇,箕,畿,乩,犄,屐,咭,赍,齑,笄,積,墼,雞,蹟,飢,剞,韲,跂,齏,羇,虀,觭,羈,鐖,鞿,稘,緝,覊,磯,禨,賷,撃,姫,機,幾,鶏,擊,譏	jí 及,即,极,集,级,急,吉,疾,辑,籍,藉,嫉,棘,汲,亟,笈,瘠,岌,楫,芨,蒺,嵴,佶,殛,戢,級,鹡,蕺,蹐,鶺,脨,踖,茍,钑,谻,蝍,鍓,箿,鞊,趌,極,輯	jǐ 己,给,几,济,挤,脊,戟,麂,虮,給,鱾,踦,掎,幾,濟,擠	jì 系,计,记,济,技,际,纪,继,既,迹,季,骑,剂,绩,寄,寂,祭,忌,冀,妓,伎,悸,暨,骥,稷,髻,鲫,偈,蓟,觊,霁,芰,荠,鲚,計,跽,繼,記,洎,際,紀,罽,蹟,繫,穊,跡,哜,績,騎,鯚,臮,穄,鵋,驥,鯽,鰿,鱀,継,剤,済,濟,劑,彐,旡	
цзя	jia		jiā 家,加,佳,夹,嘉,迦,伽,挟,茄,枷,袈,痂,浃,珈,跏,笳,葭,镓,麚,鴐,豭,貑,腵,傢,夾,挾	jiá 夹,颊,荚,戛,郏,袷,蛱,铗,恝,頰,莢,郟,頬,夾	jiǎ 假,甲,贾,钾,岬,胛,嘏,鉀,瘕,賈,仮	jià 价,假,架,驾,夹,嫁,稼,駕,価,價,夾	
цзянь	jian		jiān 间,坚,监,渐,尖,肩,兼,艰,浅,歼,奸,煎,笺,缄,鞯,間,菅,犍,缣,篯,湔,鹣,鞬,戋,蒹,搛,鰜,鵳,閒,葌,鲣,監,鬋,麉,鰹,鳒,鋻,蕳,虃,稴,箋,堅,漸,揃,姦,殲,淺,艱		jiǎn 简,检,减,剪,捡,碱,俭,拣,柬,茧,睑,锏,翦,笕,謇,蹇,戬,硷,裥,趼,簡,囝,谫,鹼,枧,瞼,鐧,蠒,減,倹,検,繭,檢,揀,撿,儉	jiàn 间,见,建,件,监,舰,剑,渐,健,键,箭,践,鉴,荐,贱,溅,谏,槛,僭,涧,饯,間,腱,見,毽,鑑,閒,鍵,監,踐,艦,薦,踺,鋻,楗,瞷,諓,礀,鍳,趝,繝,聻,跈,臶,覵,漸,剣,賤,濺,劍,澗	
цзян	jiang		jiāng 将,江,疆,僵,姜,浆,缰,豇,薑,礓,鳉,螀,鱂,將,漿,殭		jiǎng 讲,蒋,奖,桨,講,耩,蔣,奨,獎,槳	jiàng 将,强,降,匠,浆,酱,绛,犟,糨,洚,絳,謽,強,醤,將,漿,醬	
цзяо	jiao		jiāo 教,交,焦,娇,胶,骄,郊,浇,礁,蕉,椒,蛟,跤,姣,鲛,艽,鹪,茭,僬,膠,蟭,膲,簥,詨,鐎,驕,鵁,鷦,嬌,澆	jiáo 嚼,矫,矯	jiǎo 角,脚,缴,剿,狡,绞,搅,矫,侥,饺,佼,皎,铰,湫,敫,徼,矯,腳,挢,筊,餃,繳,絞,蟜,釥,攪,僥	jiào 教,觉,叫,较,校,轿,窖,酵,醮,較,峤,覺,徼,轎,噍,筊,藠,覐,窌,訆,敎	
цзе	jie		jiē 结,接,节,阶,街,皆,揭,楷,秸,嗟,結,節,階,喈,袓,脻,稭,裓,菨,掲	jié 结,节,杰,洁,截,捷,劫,竭,桔,诘,睫,颉,桀,偈,拮,孑,碣,婕,羯,結,讦,疖,節,絜,蛣,鲒,蓵,蜐,詰,訐,鞊,趌,傑,潔,卩,㔾	jiě 解,姐,飷,姉	jiè 解,界,介,借,届,戒,藉,诫,芥,疥,蚧,褯,誡,衸,蛶,屆	jie 价,價
цзинь	jin		jīn 金,今,禁,津,斤,筋,巾,襟,矜,钅,衿,觔,矝,砛,祲,菳,釿		jǐn 尽,仅,紧,谨,锦,瑾,馑,槿,堇,卺,緊,廑,謹,菫,蓳,錦,僅,儘	jìn 进,近,尽,禁,劲,晋,浸,烬,靳,噤,荩,觐,缙,妗,進,盡,赆,賮,齽,勁,晉	
цзин	jing		jīng 经,精,京,惊,睛,晶,荆,鲸,茎,兢,菁,經,旌,泾,粳,驚,腈,莖,鼱,鶄,麖,秔,綡,葏,荊,鯨,経		jǐng 警,景,井,颈,阱,憬,儆,肼,頸,刭,蟼,穽,丼	jìng 境,竟,静,竞,敬,镜,径,劲,净,靖,痉,胫,迳,靓,鏡,婧,獍,靜,競,脛,逕,竸,浄,勁,淨,徑	
цзюн	jiong		jiōng 扃,蘔,冂,冋		jiǒng 炯,窘,迥,颎,炅,絅,褧,駉,綗,冏		
цзю	jiu		jiū 究,纠,揪,鸠,啾,赳,阄,鬏,轇,鳩,糾,丩		jiǔ 九,久,酒,灸,韭,玖,紤,糺,韮	jiù 就,救,旧,舅,疚,咎,臼,厩,鹫,柩,僦,桕,舊,鷲,柾	
цзюй	ju		jū 据,车,居,拘,鞠,狙,驹,疽,掬,趄,雎,鞫,裾,苴,鮈,锔,車,琚,椐,踘,跔,艍,罝,駒	jú 局,菊,桔,橘,锔,跼,鼰,粷,閰,駶,輂,侷	jǔ 举,柜,矩,沮,咀,榘,枸,榉,龃,莒,踽,舉,蒟,筥,挙	jù 据,具,足,句,剧,巨,距,聚,拒,惧,俱,渠,锯,瞿,炬,踞,遽,飓,钜,苣,倨,讵,醵,窭,袓,虡,屦,鐻,犋,秬,鉅,鋸,簴,貗,粔,拠,劇,倶,據,懼	
цзюань	juan		juān 圈,捐,娟,鹃,涓,镌,蠲,脧,鎸		juǎn 卷,臇,巻,呟,捲	juàn 卷,圈,倦,绢,眷,隽,锩,鄄,狷,睊,睠,絹,錈,腃,絭,罥,雋	
цзюэ	jue		juē 撅,噘	jué 决,觉,绝,角,脚,爵,掘,厥,诀,崛,倔,抉,攫,獗,蕨,蹶,谲,橛,珏,噱,矍,镢,覺,桷,劂,孓,腳,絕,爝,钁,觖,觼,蕝,鴃,蹷,矡,袦,覐,芵,臄,訣,蟨,鐍,穱,躩,鴂,赽,髉,趹,覚,決	juě 蹶	juè 誳	
цзюнь	jun		jūn 军,均,君,菌,钧,麇,皲,軍,麕,鲪,頵,袀,碅,麏,覠,莙,鈞			jùn 菌,俊,郡,峻,骏,竣,浚,隽,捃,葰,馂,箘,雋,蜠,駿	
ка	ka		kā 咖,喀		kǎ 卡,咔,胩,佧		
кай	kai		kāi 开,揩,開,锎		kǎi 凯,岂,慨,恺,楷,铠,闿,锴,剀,豈,蒈,垲,鎧,凱	kài 忾	
кань	kan		kān 看,刊,堪,勘,龛,戡,栞		kǎn 砍,坎,嵌,侃,槛,顑,竷,轗,凵	kàn 看,瞰,阚,磡,矙,竷	
кан	kang		kāng 康,慷,糠,闶,鱇,躿	káng 扛		kàng 抗,炕,亢,伉,钪,鈧	
као	kao		kāo 尻		kǎo 考,烤,拷,栲,丂	kào 靠,铐,犒,鲓	
кэ	ke		kē 科,颗,柯,棵,磕,苛,珂,轲,瞌,蝌,窠,颏,髁,稞,疴,簻,顆,钶,窼,趷,薖,軻,頦	ké 咳,颏	kě 可,渴,轲,坷,岢,軻,渇	kè 可,克,客,刻,课,磕,恪,嗑,缂,氪,溘,锞,課,骒,艐,袔,碦,礊,騍	
кэнь	ken				kěn 肯,恳,垦,啃,龈,肻,齦,懇,墾	kèn 裉	
кэн	keng		kēng 坑,吭,铿,硁				
кун	kong		kōng 空,崆,倥,箜,躻,鵼		kǒng 恐,孔,倥	kòng 空,控,鞚	
коу	kou		kōu 抠,芤,眍		kǒu 口	kòu 扣,寇,叩,佝,蔻,筘,蔲,鷇,釦	
ку	ku		kū 哭,枯,窟,骷,堀,矻,刳,跍,郀,秙		kǔ 苦	kù 库,酷,裤,绔,喾,褲,秙,庫	
куа	kua		kuā 夸,誇,絓		kuǎ 垮,侉,銙	kuà 跨,挎,胯,趶,骻	
куай	kuai				kuǎi 蒯	kuài 会,快,块,筷,脍,侩,狯,哙,浍,鲙,郐,鄶,駃,塊,會	
куань	kuan		kuān 宽,髋,臗,寛,寬		kuǎn 款,窾		
куан	kuang		kuāng 匡,筐,诓,哐,邼,硄	kuáng 狂,诳,軠,鵟	kuǎng 夼	kuàng 况,矿,框,旷,眶,邝,圹,纩,贶,礦,鑛,眖,黋,鄺,況,鉱,曠	
куй	kui		kuī 亏,窥,盔,岿,悝,虧,顝,聧,闚,窺	kuí 魁,奎,葵,逵,睽,夔,揆,馗,隗,暌,喹,蝰,骙	kuǐ 傀,跬,頍,蹞	kuì 溃,愧,馈,匮,喟,篑,聩,愦,聭,饋,膭,蒉,瞆,籄,聵,餽,潰	
кунь	kun		kūn 昆,坤,琨,锟,髡,鲲,醌,裈,鹍,髠,裩,蜫,崑		kǔn 捆,阃,悃,硱,稛,綑,稇,梱	kùn 困,睏	
ко	kuo					kuò 适,括,扩,阔,廓,蛞,闊,霩,秳,鞟,拡,擴	
ла	la		lā 拉,啦,垃,喇,邋	lá 剌,旯,砬	lǎ 喇,藞	là 落,腊,辣,蜡,剌,瘌,镴,臘,辢,臈,蠟,蝋	la 啦,鞡
лай	lai			lái 来,莱,涞,徕,崃,铼,萊,鶆,來		lài 赖,睐,籁,濑,癞,赉,賴,睞,賚,鵣,瀬,頼	
лань	lan			lán 兰,蓝,拦,栏,篮,岚,澜,婪,阑,斓,褴,镧,谰,襕,蘭,讕,葻,藍,籣,闌,繿,襽,嵐,欄,籃,攔	lǎn 览,懒,揽,缆,榄,罱,漤,覧,覽,攬,纜,懶,欖	làn 烂,滥,糷,濫,爛	
лан	lang		lāng 啷	láng 郎,狼,廊,琅,螂,榔,阆,锒,鎯,艆,郞,稂,閬	lǎng 朗	làng 浪,阆,莨,蒗,閬	
лао	lao		lāo 捞,粩,撈	láo 劳,牢,唠,崂,痨,醪,顟,铹,蟧,労,勞,嘮	lǎo 老,老,姥,佬,潦,铑,栳,蛯,荖,耂	lào 落,劳,络,唠,烙,酪,涝,絡,躼,耢,耮,勞,嘮	
лэ	le					lè 乐,勒,叻,泐,仂,鳓,簕,韷,楽,樂	le 了,饹
лэй	lei		lēi 勒	léi 雷,累,擂,镭,羸,嫘,缧,蔂,檑,罍,鐳,鑘,纍	lěi 累,垒,蕾,磊,儡,诔,耒,絫,磥,蕌,礨,鸓,蠝,塁,壘	lèi 类,泪,累,肋,擂,類,礌,酹,涙,淚	lei 嘞
лэн	leng			léng 棱,楞,塄,稜,薐,崚	lěng 冷	lèng 愣,楞,睖	
ли	li			lí 离,丽,黎,璃,厘,狸,梨,篱,犁,漓,罹,蠡,藜,蜊,骊,嫠,鹂,鲡,黧,喱,缡,離,釐,麗,蓠,醨,貍,褵,謧,鯏,鋫,盠,邌,鯬,菞,筣,籬,鱺,琍	lǐ 里,理,李,礼,哩,鲤,蠡,俚,澧,锂,醴,娌,逦,裡,鳢,悝,鱧,粴,禮,禮,鋰,豊,鯉,浬	lì 力,利,立,历,例,丽,厉,励,粒,隶,莉,吏,栗,笠,砾,雳,俐,沥,荔,痢,戾,蛎,詈,俪,栎,砺,莅,郦,傈,枥,跞,唳,粝,疠,呖,溧,苈,猁,疬,轹,鬲,篥,坜,麗,麜,隸,蒞,脷,苙,磿,綟,讈,藶,蠣,赲,躒,暦,歴,栃,戻,隷,慄,礫,歷,曆,厲,勵	li 哩
ля	lia				liǎ 俩,倆		
лянь	lian			lián 联,连,怜,廉,莲,帘,镰,涟,濂,臁,鲢,裢,蠊,奁,連,鐮,蓮,聯,簾,鎌,鬑,聫,漣,憐	liǎn 脸,敛,琏,裣,莶,臉,羷,斂	liàn 练,恋,炼,链,敛,殓,楝,練,潋,鍊,鏈,稴,錬,戀,斂,煉	
лян	liang			liáng 量,良,粮,梁,凉,踉,粱,椋,辌,墚,糧,涼,樑	liǎng 两,魉,裲,脼,蜽,両,兩	liàng 量,亮,辆,凉,谅,踉,晾,靓,諒,涼,輛	
ляо	liao		liāo 撩,蹽	liáo 疗,聊,辽,僚,寥,撩,缭,燎,寮,獠,嘹,鹩,豂,膫,繚,膋,竂,蟧,療,遼	liǎo 了,缪,燎,钌,蓼,繆	liào 料,廖,撂,瞭,镣,钌,尥,鐐	
ле	lie		liē 咧		liě 咧	liè 列,烈,裂,猎,劣,洌,冽,趔,鬣,捩,鱲,埒,躐,鬛,蛚,鴷,綟,睙,茢,脟,猟,獵	lie 咧
линь	lin		līn 拎	lín 林,临,邻,淋,琳,麟,鳞,磷,霖,粼,嶙,遴,啉,臨,辚,箖,鄰,麐,粦,驎,瞵,鱗,鏻,隣,痳	lǐn 凛,懔,廪,檩,箖,凜	lìn 淋,赁,吝,躏,蔺,膦,藺,轥,賃	
лин	ling			líng 令,灵,零,龄,凌,玲,陵,铃,菱,伶,绫,翎,聆,羚,苓,蛉,呤,棂,囹,鲮,泠,瓴,酃,靈,鸰,袊,齡,舲,笭,跉,柃,齢,鈴,秢,祾,詅,醽,輘,霝,魿,鴒,霊,綾,澪	lǐng 领,令,岭,領,袊,嶺	lìng 令,另	
лю	liu		liū 溜,熘	liú 流,留,刘,瘤,榴,硫,浏,琉,馏,镏,鎏,旒,镠,骝,鰡,飗,駵,鏐,飀,鹠,藰,驑,瑠,劉,瀏	liǔ 柳,绺,锍,罶,羀,綹,藰	liù 六,陆,碌,遛,馏,鹨,蹓,陸,霤,鬸	
лё	lo						lo 咯
лун	long		lōng 隆	lóng 龙,隆,笼,胧,聋,咙,珑,窿,茏,泷,砻,眬,栊,龍,龍,癃,鑨,籠,襱,霳,龒,躘,驡,礱,蠪,篭,龓,聾,滝,竜,朧,嚨	lǒng 笼,垄,拢,陇,垅,籠,龓,壟,攏	lòng 弄	
лоу	lou		lōu 搂,摟	lóu 楼,喽,髅,娄,偻,蝼,蒌,耧,謱,蔞,瞜,貗,髏,鞻,樓	lǒu 搂,篓,嵝,簍,摟	lòu 露,漏,陋,镂,瘘,鏤	lou 喽,瞜
лу	lu		lū 噜,撸	lú 卢,炉,芦,庐,颅,鲈,鸬,胪,泸,舻,轳,栌,垆,顱,鈩,蘆,纑,艫,馿,臚,鑪,爐,盧	lǔ 鲁,虏,掳,卤,橹,氇,镥,蓾,虜,艣,磠,魯	lù 路,陆,露,录,鹿,禄,碌,赂,戮,麓,漉,璐,辘,箓,潞,鹭,渌,逯,蓼,辂,陸,簏,錄,蕗,菉,盝,鏕,録,鴼,祿,簬,粶,騼,騄,睩,稑,醁,賂,籙,鷺	
луань	luan			luán 挛,峦,鸾,銮,孪,栾,滦,脔,娈,鑾,羉	luǎn 卵	luàn 乱,釠,亂	
люэ	lue					lüè 略,掠,锊	
лунь	lun		lūn 抡	lún 论,伦,轮,仑,沦,纶,抡,囵,論,輪,菕,鯩,腀,倫,綸,淪		lùn 论,論	
ло	luo		luō 捋,啰,囉	luó 罗,逻,螺,萝,锣,骡,椤,箩,猡,镙,騾,驘,脶,羅,蘿,鸁,鏍,邏,鑼,籮,囉	luǒ 裸,倮,瘰,蠃,蓏,砢,躶	luò 落,洛,络,咯,骆,摞,珞,雒,荦,絡,泺,笿,駱	luo 啰,囉
люй	lv			lǘ 驴,榈,闾,閭,藘,驢,瞜	lǚ 旅,吕,履,屡,侣,缕,铝,捋,褛,偻,膂,絽,稆,郘,縷,褸,呂,侶,鋁,屢	lǜ 律,率,虑,绿,氯,滤,葎,綠,鑢,膟,繂,緑,慮,濾	
люань	lvan						
люнь	lvn						
м	m						m 呒
ма	ma		mā 妈,抹,蚂,螞,媽	má 么,麻,蟆,麼,蔴	mǎ 马,吗,玛,码,蚂,犸,馬,碼,螞,嗎,瑪	mà 骂,蚂,杩,螞,祃,罵,駡,禡	ma 么,吗,嘛,麼,嗎
май	mai			mái 埋,霾	mǎi 买,買,荬,蕒	mài 卖,麦,脉,迈,劢,脈,麥,唛,賣,邁,売	
мань	man		mān 颟	mán 埋,蛮,瞒,蔓,馒,谩,鳗,鞔,鬘,蠻,饅,鰻,瞞	mǎn 满,螨,満,滿	màn 慢,曼,漫,蔓,幔,谩,缦,熳,墁,镘,鄤,蔄	
ман	mang			máng 忙,茫,盲,芒,氓,邙,硭,铓,駹,盳,笀,蛖	mǎng 莽,蟒,莾,蠎,漭,茻		
мао	mao		māo 猫,貓	máo 毛,矛,茅,髦,锚,牦,蟊,旄,蝥,茆,髳,鶜,錨	mǎo 卯,峁,铆,昴,茆,泖	mào 贸,冒,貌,帽,茂,袤,懋,耄,瑁,旄,瞀,眊,貿,鄮,芼,冃	
мэ	me						me 么,麼
мэй	mei			méi 没,梅,眉,媒,煤,枚,玫,霉,酶,湄,糜,嵋,楣,莓,镅,鹛,郿,黴,猸,鋂,禖,鎇,沒	měi 美,每,镁,浼,羙,毎	mèi 妹,媚,昧,谜,魅,寐,袂,跊,篃,鬽,祙,謎	
мэнь	men		mēn 闷,悶	mén 门,扪,钔,門,穈,虋		mèn 闷,懑,焖,鞔,悶	men 们,們
мэн	meng		mēng 蒙,矇	méng 蒙,盟,朦,萌,氓,檬,虻,艨,瞢,礞,甍,鄳,矒,濛	měng 蒙,猛,懵,锰,蠓,蜢,勐,艋,矒	mèng 梦,孟,夢	
ми	mi		mī 眯,咪,瞇	mí 迷,弥,谜,眯,靡,糜,猕,麋,醚,縻,蘼,祢,瞇,醿,蒾,麊,醾,詸,蘪,鸍,謎,彌,瀰	mǐ 米,靡,弭,敉,芈,脒,粎,葞	mì 密,秘,蜜,泌,觅,谧,宓,汨,嘧,幂,覓,鼏,覛,糸,冖	
мянь	mian			mián 棉,眠,绵,綿,矊,緜,宀	miǎn 免,勉,缅,冕,娩,腼,湎,沔,靦,眄	miàn 面,眄,靣,麵,麺,麪	
мяо	miao		miāo 喵	miáo 描,苗,瞄,鹋,鶓	miǎo 秒,渺,藐,缈,淼,邈,眇,杪,緲	miào 妙,庙,缪,繆,廟	
ме	mie		miē 咩,乜			miè 灭,蔑,篾,蠛,眜,鴓,滅,衊	
минь	min			mín 民,岷,缗,珉,玟,緡,苠,鈱,盿,賯,緍,罠	mǐn 敏,悯,闽,闵,抿,皿,泯,黾,愍,鳘,簢,閔,鰵,憫		
мин	ming			míng 明,名,鸣,铭,冥,茗,瞑,溟,螟,暝,鳴,眳,蓂,銘,眀,鄍,詺	mǐng 酩	mìng 命	
мю	miu					miù 谬,缪,謬,繆	
мо	mo		mō 摸	mó 模,摩,魔,摸,磨,膜,麽,摹,谟,蘑,馍,嬷,麼,嫫,糢,骳,藦,謨,饝,謩	mǒ 抹,麿	mò 没,万,莫,默,末,墨,磨,脉,漠,抹,陌,沫,寞,蓦,茉,殁,秣,貉,镆,脈,貘,貊,耱,鄚,驀,瘼,靺,瞐,眜,黙,沒	
моу	mou		mōu 哞	móu 谋,牟,缪,眸,鍪,蛑,侔,鴾,繆,麰,鞪,謀	mǒu 某,厶		
му	mu			mú 模	mǔ 母,姆,亩,姥,牡,拇,坶,砪,畝	mù 目,木,幕,牧,穆,墓,慕,募,暮,牟,睦,缪,沐,苜,钼,仫,雮,坶,繆,艒,鞪,霂	
нь	n						
на	na		nā 那	ná 拿,镎,蒘,誽,秅	nǎ 那,哪	nà 那,纳,娜,呐,钠,捺,衲,肭,納,靹,袦,鈉	na 哪,呐,吶
най	nai				nǎi 乃,奶,氖,艿,迺,釢	nài 耐,奈,鼐,萘,柰,螚,褦	
нань	nan		nān 囡,囝	nán 难,南,男,喃,楠,難	nǎn 赧,蝻,腩	nàn 难,難	
нан	nang		nāng 囔	náng 囊,馕	nǎng 馕,曩,攮		
нао	nao		nāo 孬	náo 挠,呶,蛲,硇,铙,猱,蟯,撓	nǎo 脑,恼,瑙,腦,垴,脳,悩,惱	nào 闹,淖,臑,鬧	
нэ	ne					nè 讷,眲,疒	ne 呢
нэй	nei				něi 哪,馁,脮,鮾,餒,鯘	nèi 内,錗,內	
нэнь	nen					nèn 嫩,恁	
нэн	neng			néng 能			
н	ng						
ни	ni		nī 妮	ní 呢,尼,泥,倪,霓,怩,猊,鲵,铌,坭,麑,蜺,聣,貎,輗,齯	nǐ 你,拟,伲,旎,薿,聻,禰,擬,妳	nì 泥,逆,匿,腻,溺,昵,睨,伲,膩,誽	
нянь	nian		niān 拈,蔫	nián 年,粘,黏,鲇,鲶,秊,鮎	niǎn 捻,碾,撵,辇,蹨,輦	niàn 念,廿,埝,唸	
нян	niang			niáng 娘,釀,嬢,孃		niàng 酿,醸	
няо	niao				niǎo 鸟,袅,茑,嬲,蔦,鳥	niào 尿,溺,脲	
не	nie		niē 捏	nié 苶		niè 涅,聂,孽,蹑,嗫,啮,镍,颞,臬,镊,蘖,陧,齧,顳,鑷,糱,鋷,聶,籋,噛,囁	
нинь	nin			nín 您,恁			
нин	ning			níng 宁,凝,拧,狞,柠,咛,甯,聍,苧,聹,寧,擰	nǐng 拧,矃,擰	nìng 宁,拧,泞,佞,寧,擰	
ню	niu		niū 妞	niú 牛,⺧	niǔ 纽,扭,钮,忸,狃,紐,鈕,靵	niù 拗	
нун	nong			nóng 农,浓,侬,脓,哝,膿,秾,農,醲,襛,濃		nòng 弄	
ноу	nou			nóu 羺		nòu 耨	
ну	nu			nú 奴,驽,孥	nǔ 努,弩,呶,胬,砮	nù 怒	
нуань	nuan				nuǎn 暖,煖		
нюэ	nue					nüè 虐,疟	
нунь	nun						
но	nuo			nuó 那,娜,挪,傩		nuò 诺,懦,喏,糯,锘,搦,鍩,稬,諾	
нюй	nv				nǚ 女,女,钕	nǜ 衄,恧,衂	
о	o		ō 噢,喔	ó 哦		ò 哦	o 哦,筽
оу	ou		ōu 区,欧,殴,鸥,讴,沤,瓯,鏂,區,歐,嘔,毆,鷗		ǒu 偶,呕,禺,藕,耦,蕅,嘔	òu 沤,怄,嘔	
па	pa		pā 啪,趴,葩	pá 爬,扒,琶,耙,杷,钯,筢,跁		pà 怕,帕	
пай	pai		pāi 拍	pái 排,牌,徘,俳,簰		pài 派,湃,哌	
пань	pan		pān 番,潘,攀,扳,眅	pán 般,盘,胖,磐,蹒,蟠,磻,盤,眫,蹣,跘,槃		pàn 判,板,叛,盼,畔,拚,袢,泮,襻,鋬,闆	
пан	pang		pāng 膀,乓,滂	páng 旁,庞,膀,彷,螃,雱,逄,鳑,趽,鰟,龎,龐	pǎng 耪	pàng 胖,眫	
пао	pao		pāo 抛,泡,脬,萢,拋	páo 跑,炮,袍,咆,刨,庖,匏,狍,麃,袌,麅,鞄,褜	pǎo 跑	pào 炮,泡,疱,砲,袌,礮	
пэй	pei		pēi 胚,呸,醅,肧	péi 培,陪,赔,裴,锫,賠		pèi 配,佩,沛,辔,旆,帔,霈,珮	
пэнь	pen		pēn 喷,噴	pén 盆,湓	pěn 翸	pèn 喷,噴	
пэн	peng		pēng 砰,抨,烹,怦,嘭,閛,磞	péng 朋,彭,鹏,蓬,膨,棚,篷,澎,硼,蟛,堋,纄,芃,髼,韼,鵬,鬅,錋	pěng 捧	pèng 碰,踫,磞	
пи	pi		pī 批,匹,披,劈,霹,丕,坯,噼,砒,纰,邳,魾,錃,秠	pí 皮,疲,脾,啤,毗,琵,裨,枇,罴,鼙,铍,蚍,貔,蜱,芘,鲏,郫,埤,陴,禆,螕,鮍,腗,蚾,篺,隦	pǐ 否,匹,劈,癖,痞,圮,庀,仳,擗	pì 辟,屁,譬,僻,媲,甓,淠,鸊,闢,鷿,髲	
пянь	pian		piān 片,篇,偏,扁,翩,犏	pián 便,匾,骈,胼,蹁,跰,骿	piǎn 谝	piàn 片,骗,騙,魸	
пяо	piao		piāo 飘,漂,剽,嘌,螵,魒,飄	piáo 朴,嫖,瓢	piǎo 漂,瞟,缥,莩,殍,醥,縹	piào 票,漂,嘌,骠	
пе	pie		piē 瞥,撇,氕		piě 撇,苤,丿		
пинь	pin		pīn 拼,拚,姘,砏	pín 贫,频,苹,嫔,颦,頻,蘋,貧	pǐn 品,榀	pìn 聘,牝	
пин	ping		pīng 乒,娉,俜,聠	píng 平,评,凭,瓶,冯,屏,萍,苹,坪,鲆,枰,蘋,評,軿,馮,蛢,蓱,缾,輧,塀,憑			
по	po		pō 坡,颇,泊,泼,陂,钋,頗,釙,酦,醱,潑	pó 婆,鄱,皤	pǒ 叵,笸,钷,箥	pò 破,迫,朴,魄,珀,粕,蒪	
поу	pou		pōu 剖	póu 掊,裒	pǒu 掊,咅		
пу	pu		pū 扑,铺,仆,噗,攵,攴,陠,鋪,撲	pú 仆,葡,菩,蒲,脯,璞,匍,濮,莆,酺,镤,穙,纀,菐,贌,僕	pǔ 普,朴,浦,谱,埔,圃,溥,蹼,氆,镨,譜,樸	pù 堡,铺,瀑,曝,舖,鋪,舗	
ци	qi		qī 期,七,妻,欺,漆,戚,凄,栖,缉,沏,嘁,萋,桤,柒,顣,郪,諆,緝,鶈,喰,棲,淒,慼,悽	qí 其,奇,齐,骑,旗,歧,棋,祈,崎,鳍,琪,琦,祁,祺,俟,衹,耆,脐,岐,淇,芪,麒,畦,蛴,圻,颀,祇,蕲,綦,亓,荠,锜,骐,萁,臍,碁,蜞,碕,鯕,鲯,跂,頎,齊,鮨,鄿,騎,麡,禥,鬐,鬿,簯,蚑,竒,艩,稘,粸,螧,埼,斉,旂	qǐ 起,企,启,岂,稽,乞,绮,杞,芑,綮,跂,豈,屺,邔,啓,綺,啟	qì 气,器,妻,弃,汽,契,泣,迄,砌,亟,憩,讫,碛,槭,葺,碶,汔,謦,跂,磜,蟿,磩,礘,矵,鐑,棄,気,氣	
ця	qia		qiā 掐,葜		qiǎ 卡,跒,峠	qià 恰,洽,髂,硈	
цянь	qian		qiān 千,签,迁,牵,谦,铅,骞,阡,愆,仟,悭,佥,芊,扦,钎,褰,搴,籤,遷,竏,鹐,蚈,騫,韆,簽,鉛,岍,謙,牽	qián 前,钱,潜,乾,虔,钳,黔,掮,钤,箝,錢,軡,鰬,銭,潛,鉗	qiǎn 浅,遣,谴,肷,缱,蜸,淺,譴	qiàn 欠,纤,歉,倩,嵌,茜,堑,芡,慊,椠,蒨,篟	
цян	qiang		qiāng 将,枪,抢,腔,跄,呛,羌,锵,戕,鎗,蜣,戗,锖,镪,錆,鏘,蹌,篬,羗,蹡,槍,將,搶	qiáng 强,墙,蔷,樯,嫱,薔,艢,強,牆,丬	qiǎng 强,抢,襁,羟,镪,強,搶	qiàng 跄,呛,炝,蹌,蹡	
цяо	qiao		qiāo 悄,敲,雀,跷,橇,锹,硗,劁,鍬,蹻,缲,骹,繑,鐰,鄡,趬,磽,礉,繰	qiáo 桥,乔,瞧,侨,翘,蕉,樵,憔,荞,谯,菬,鞒,翹,硚,睄,礄,藮,橋,喬,僑	qiǎo 巧,悄,愀,釥	qiào 壳,俏,峭,翘,窍,鞘,撬,诮,谯,竅,翹,陗,礉,殻,殼	
це	qie		qiē 切	qié 茄,聺	qiě 且	qiè 切,窃,怯,妾,惬,锲,趄,挈,箧,慊,郄,踥,稧,鍥,竊	
цинь	qin		qīn 亲,侵,钦,衾,骎,駸,親,鮼,綅,菳,欽	qín 秦,勤,琴,禽,擒,芹,噙,芩,嗪,覃,锓,檎,螓,廑,矝,肣,蠄,鈙,菳,菦,懃	qǐn 寝,笉,寢	qìn 沁,揿,吣,菣	
цин	qing		qīng 清,轻,青,倾,卿,氢,顷,蜻,輕,鲭,頃,圊,鯖,軽,傾,氫	qíng 情,晴,擎,氰,檠,黥	qǐng 请,顷,請,頃,苘	qìng 亲,庆,罄,磬,箐,親,碃,慶	
цюн	qiong		qiōng 銎	qióng 穷,琼,穹,邛,蛩,跫,筇,茕,藭,窮,蛬,藑,睘,赹,瞏,瓊			
цю	qiu		qiū 秋,丘,邱,蚯,鳅,楸,萩,趥,鞧,鞦,秌,鰌,鹙,穐,龝,坵	qiú 求,球,仇,囚,裘,酋,虬,泅,遒,俅,逑,鰽,巯,犰,蝤,赇,訄,虯,絿,蛷,銶,訅,肍,觓,毬	qiǔ 糗		
цюй	qu		qū 区,曲,趋,驱,屈,躯,岖,蛐,祛,蛆,诎,黢,麴,袪,趨,胠,驅,麹,麯,誳,軀,鰸,駆,駈,區	qú 渠,瞿,衢,蠼,劬,朐,癯,蕖,鸲,璩,蘧,磲,鼩,菃,氍,胊,蠷,臞,翑,葋	qǔ 取,曲,娶,龋,蝺,齲	qù 去,趣,觑,阒,闃,閴	
цюань	quan		quān 圈,悛,箞,圏	quán 全,权,泉,拳,痊,蜷,诠,荃,颧,铨,醛,鬈,筌,鳈,鰁,踡,詮,絟,辁,硂,葲,銓,顴,権,權,捲	quǎn 犬,绻,畎,犭	quàn 券,劝,勧,勸	
цюэ	que		quē 缺,阙,炔,闕	qué 瘸		què 却,确,雀,阙,鹊,芍,榷,阕,確,悫,碻,鵲,闕,礐,卻	
цюнь	qun		qūn 逡,踆,夋	qún 群,裙,羣			
жань	ran			rán 然,燃,髯,蚺,髥,袇,肰	rǎn 染,冉,苒,冄		
жан	rang			ráng 瓤,穰,禳,蘘,穣	rǎng 嚷,壤,攘,壌	ràng 让,讓,譲	
жао	rao			ráo 饶,荛,桡,娆,蕘,饒	rǎo 扰,擾	rào 绕,繞,遶	
жэ	re				rě 惹,喏	rè 热,熱	
жэнь	ren			rén 人,任,仁,壬,魜,亻	rěn 忍,稔,荏,秹	rèn 任,认,刃,韧,妊,纫,饪,仞,衽,認,轫,訒,韌,袵,鵀,讱,靭,餁,纴,絍,靱,飪,紝,軔	
жэн	reng		rēng 扔	réng 仍,礽			
жи	ri					rì 日,鈤	
жун	rong			róng 容,荣,融,溶,绒,蓉,熔,戎,镕,茸,榕,嵘,肜,蝾,絨,鎔,褣,駥,狨,栄,榮	rǒng 冗	ròng 穃	
жоу	rou			róu 柔,揉,蹂,鞣,糅,脜,腬,葇,禸		ròu 肉	
жу	ru			rú 如,儒,蠕,茹,孺,嚅,濡,薷,铷,襦,颥,顬,蒘,袽,鴽	rǔ 女,女,乳,辱,汝	rù 入,褥,缛,洳,溽,蓐,鳰	
жуань	ruan				ruǎn 软,阮,朊,軟,緛,耎	ruàn 緛	
жуй	rui			ruí 蕤,緌	ruǐ 蕊,蕋,蘂	ruì 瑞,锐,睿,芮,蚋,枘,銳,鋭,笍,叡	
жунь	run					rùn 润,闰,膶,閏,潤	
жо	ruo					ruò 若,弱,偌,箬,鶸,蒻,篛	
са	sa		sā 撒,仨		sǎ 撒,洒,靸,灑	sà 萨,卅,飒,脎,颯,薩	
сай	sai		sāi 塞,腮,鳃,噻			sài 赛,塞,簺,賽	
сань	san		sān 三,叁,毵,鬖,參		sǎn 散,伞,馓,糁,繖,傘	sàn 散	
сан	sang		sāng 丧,桑,喪		sǎng 嗓,搡,颡,磉	sàng 丧,喪	
сао	sao		sāo 骚,搔,臊,缫,缲,鰠,騷,鳋,螦,繰,騒,掻		sǎo 扫,嫂,掃	sào 扫,臊,埽,瘙,矂,髞,掃,喿	
сэ	se					sè 色,塞,瑟,涩,啬,穑,铯,粣,繬,穯,譅,銫,渋,澀,嗇	
сэнь	sen		sēn 森				
сэн	seng		sēng 僧,鬙				
ша	sha		shā 杀,沙,莎,刹,煞,纱,砂,鲨,铩,裟,痧,閷,紗,髿,繺,鯋,蔱,鯊,殺,剎	shá 啥	shǎ 傻,唼	shà 厦,煞,霎,嗄,歃,翜,閯,翣,菨,廈	
шай	shai		shāi 筛,篩		shǎi 色	shài 晒,曬	
шань	shan		shān 山,扇,衫,珊,杉,删,煽,姗,跚,苫,潸,舢,芟,膻,钐,埏,羶,釤,彡,縿,鯅,羴,刪,搧		shǎn 闪,陕,掺,睒,閃,陝	shàn 单,善,扇,禅,擅,膳,讪,汕,赡,缮,蟮,鳝,嬗,鄯,疝,剡,骟,鳣,訕,繕,禪,鱓,單	
шан	shang		shāng 商,伤,熵,墒,觞,殇,謪,傷		shǎng 上,赏,晌,垧,賞	shàng 上,尚,绱,鞝	
шао	shao		shāo 烧,稍,梢,捎,艄,筲,蛸,焼,燒	sháo 勺,韶,芍,苕,杓	shǎo 少	shào 少,绍,稍,哨,邵,劭,紹,潲,袑,睄	
шэ	she		shē 奢,赊,畲,猞,輋	shé 折,蛇,舌,佘,阇,揲,闍,虵,蛥	shě 舍,捨	shè 社,设,射,涉,舍,摄,拾,慑,赦,麝,歙,厍,設,蔎,滠,騇,舎,渉,摂,攝	
шэй	shei			shéi 谁,誰			
шэнь	shen		shēn 身,深,参,申,伸,绅,呻,娠,莘,砷,诜,鲹,蓡,詵,蔘,鯵,籶,糂,罙,紳,葠,鯓	shén 什,神,甚,鰰	shěn 审,沈,婶,哂,渖,谂,矧,谉,瞫,魫,邥,審,嬸	shèn 甚,慎,肾,渗,蜃,腎,胂,葚,椹,祳,眘,滲	
шэн	sheng		shēng 生,声,升,牲,甥,笙,聲,鼪,鍟	shéng 绳,渑,繉,繩,縄	shěng 省,眚	shèng 胜,圣,盛,乘,剩,嵊,晟,聖,賸,勝,剰	
ши	shi		shī 师,失,施,诗,尸,湿,狮,虱,蓍,絁,邿,詩,酾,鍦,葹,鳾,鰤,鶳,蝨,箷,師,屍,獅,濕,溼	shí 时,实,十,什,识,石,食,拾,蚀,炻,鲥,莳,識,祏,埘,辻,鉐,蝕,鼫,遈,時,実,蒔,實,饣	shǐ 使,始,史,驶,矢,屎,豕,駛,鉂	shì 是,事,世,市,式,士,示,视,势,试,适,室,释,氏,饰,侍,誓,逝,轼,嗜,仕,恃,噬,拭,柿,谥,舐,視,弑,螫,筮,適,莳,釋,試,铈,諡,贳,眎,秲,鉃,襫,鈰,飾,鉽,勢,釈,貰,蒔,礻	shi 辻,籂
шоу	shou		shōu 收,収		shǒu 手,首,守,艏,扌	shòu 受,授,售,兽,寿,瘦,狩,绶,鏉,膄,獣,痩,獸,壽	
шу	shu		shū 书,输,殊,叔,舒,疏,枢,淑,梳,蔬,倏,抒,纾,菽,殳,姝,摅,輸,毹,紓,綀,書,疎,樞,疋	shú 熟,赎,孰,塾,秫,贖	shǔ 数,属,署,鼠,蜀,暑,薯,曙,黍,钃,藷,數,屬	shù 数,术,述,树,束,恕,竖,墅,庶,俞,漱,戍,術,澍,腧,沭,翛,豎,裋,樹,數,朮,丨	
шуа	shua		shuā 刷,唰		shuǎ 耍	shuà 刷	
шуай	shuai		shuāi 衰,摔		shuǎi 甩	shuài 率,帅,蟀,帥	
шуань	shuan		shuān 栓,拴,闩,絟			shuàn 涮,腨	
шуан	shuang		shuāng 双,霜,孀,泷,雙,騻,艭,鸘,驦		shuǎng 爽		
шуй	shui			shuí 脽	shuǐ 水,氵	shuì 说,税,睡,說,稅	
шунь	shun				shǔn 吮	shùn 顺,瞬,舜,順,蕣	
шо	shuo		shuō 说,說,説			shuò 数,硕,烁,朔,槊,铄,蒴,妁,搠,箾,矟,碩,數,爍,欶	
сы	si		sī 斯,司,思,私,丝,撕,嘶,厮,咝,蛳,锶,鸶,缌,澌,絲,虒,覗,鼶,飔,禠,鷥,磃,緦,禗,偲,厶,纟		sǐ 死	sì 四,似,食,寺,饲,肆,嗣,伺,厕,祀,巳,俟,泗,笥,姒,驷,汜,耜,兕,鈶,飼,蕼,竢,禩,廁	
сун	song		sōng 松,嵩,淞,凇,崧,菘,鬆		sǒng 耸,悚,怂,竦,駷,聳	sòng 送,宋,讼,颂,诵,頌,訟,誦,吅	
соу	sou		sōu 艘,搜,嗖,飕,馊,锼,溲,螋,蒐,颼,鎪,鏉,蓃,捜		sǒu 叟,擞,薮,嗾,瞍,謏,籔,蓃	sòu 嗽	
су	su		sū 苏,稣,酥,蘇,鯂,蘓,稡,穌,甦,囌	sú 俗		sù 诉,速,素,肃,宿,塑,溯,粟,愫,簌,谡,夙,窣,嗉,僳,涑,觫,蔌,莤,骕,餗,訴,肅,遡,驌,藗,鷫,粛,膆	
суань	suan		suān 酸,狻,痠			suàn 算,蒜,笇,筭,祘	
суй	sui		suī 虽,尿,睢,濉,荽,雖,眭,鞖,夊	suí 随,绥,隋,隨,雟,綏	suǐ 髓,髄	suì 岁,碎,遂,隧,穗,祟,邃,燧,谇,繸,譢,繐,禭,繀,鐩,穟,砕,歳,穂,歲	
сунь	sun		sūn 孙,荪,飧,狲,蕵,孫,喰		sǔn 损,笋,隼,榫,筍,簨,損		
со	suo		suō 缩,莎,梭,嗦,唆,娑,蓑,挲,嗍,羧,睃,縮,桫,鮻,簑		suǒ 所,索,锁,琐,唢,鎖,鏁,鎍,褨,瑣	suò 逤	
та	ta		tā 他,她,它,踏,塌,趿,铊,祂,溻,牠		tǎ 塔,鳎,獭,鰨,鎝	tà 踏,拓,榻,嗒,蹋,沓,挞,闼,遢,漯,阘,遝,粏,闒,禢,蹹,誻	
тай	tai		tāi 胎,苔,呔	tái 台,抬,苔,跆,薹,邰,炱,骀,鲐,臺,菭,颱,檯		tài 太,态,泰,汰,钛,肽,酞,鈦,舦,態	
тань	tan		tān 贪,滩,摊,瘫,坍,貪,攤,灘,癱	tán 谈,弹,坛,谭,潭,痰,檀,澹,昙,覃,郯,锬,镡,談,醰,罈,藫,黮,曇,壇,彈,譚	tǎn 坦,毯,袒,忐,钽,禫,贉	tàn 探,叹,炭,碳,嘆,歎	
тан	tang		tāng 汤,趟,蹚,羰,镗,鼞,闛,鞺,湯	táng 唐,堂,糖,塘,棠,膛,搪,螳,瑭,醣,樘,溏,螗,闛,磄	tǎng 躺,倘,淌,傥,帑,矘,耥	tàng 荡,趟,烫,盪,燙	
тао	tao		tāo 涛,掏,滔,叨,韬,饕,绦,絛,飸,謟,縚,濤	táo 逃,陶,桃,萄,淘,啕,洮,鼗,迯,绹,鋾,蜪,醄,祹,駣,騊	tǎo 讨,討	tào 套	
тэ	te					tè 特,忒,忑,慝,铽,脦	
тэй	tei		tēi 忒				
тэн	teng		tēng 膯	téng 腾,疼,藤,滕,誊,邆,螣,籐,縢,鰧,騰,謄			
ти	ti		tī 梯,踢,剔,锑,鷉	tí 提,题,蹄,啼,題,缇,绨,鹈,醍,荑,鳀,遆,趧,綈,鶗,騠,緹,磃,禔,蕛,禵,鵜	tǐ 体,體,軆	tì 替,惕,涕,屉,剃,嚏,倜,悌,逖,裼,薙,笹,趯,逷,鬀,鬄,屜	
тянь	tian		tiān 天,添,黇,呑	tián 田,填,甜,佃,恬,钿,阗,畋,鴫,鈿,碵,畑,塡	tiǎn 舔,腆,忝,殄,餂,觍,覥	tiàn 掭	
тяо	tiao		tiāo 挑,佻,祧	tiáo 条,调,迢,笤,龆,苕,調,蓚,髫,鲦,蜩,鞗,鰷,蓨,條	tiǎo 挑,窕	tiào 跳,眺,粜	
те	tie		tiē 贴,帖,萜,貼		tiě 铁,帖,鉄,鐵,驖	tiè 帖,餮	
тин	ting		tīng 听,厅,汀,烃,聽,綎,鞓,聴,庁,廳	tíng 停,庭,廷,亭,霆,婷,蜓,葶,閮,莛,鼮	tǐng 艇,挺,町,铤,梃,閮,颋	tìng 听,聽	
тун	tong		tōng 通,嗵	tóng 同,童,铜,桐,佟,瞳,酮,潼,彤,侗,僮,峒,硐,砼,仝,茼,粡,秱,蚒,穜,餇,眮,詷,銅,鲖	tǒng 统,筒,桶,捅,甬,統,綂,筩	tòng 同,通,痛,恸,衕	
тоу	tou		tōu 偷,鍮	tóu 头,投,骰,頭,亠	tǒu 钭,紏,飳	tòu 透	tou 头,頭
ту	tu		tū 突,秃,凸,鋵,禿	tú 图,徒,途,涂,屠,荼,酴,鶟,鍎,葖,稌,莵,鷵,図,塗,圖,凃	tǔ 土,吐,钍	tù 吐,兔,菟,堍,莵,兎	
туань	tuan		tuān 湍,貒	tuán 团,抟,糰,団,團	tuǎn 疃	tuàn 彖,貒	
туй	tui		tuī 推,讉,藬,蓷	tuí 颓,魋,隤,頹,頺	tuǐ 腿,蹆	tuì 退,褪,蜕,煺,螁,蛻	
тунь	tun		tūn 吞,暾,呑	tún 屯,臀,豚,饨,囤,鲀,飩,臋,軘	tǔn 氽	tùn 褪	
то	tuo		tuō 托,脱,拖,乇,脫,託,袉,讬,袥,飥	tuó 陀,驼,驮,鸵,沱,橐,佗,砣,跎,鼍,坨,酡,柁,陁,鮀,袉,駝,沲,阤,駞,鼉,砤,駄	tuǒ 妥,椭,庹,橢	tuò 拓,唾,箨,柝,跅,籜,萚	
ва	wa		wā 挖,哇,凹,蛙,洼,娲,韈,窪,窊,穵	wá 娃	wǎ 瓦,佤	wà 袜,腽,襪	wa 哇
вай	wai		wāi 歪,呙		wǎi 歪,崴	wài 外	
вань	wan		wān 湾,弯,蜿,豌,剜,睕,灣,彎	wán 完,玩,顽,丸,烷,芄,纨,貦,頑	wǎn 晚,碗,挽,宛,婉,皖,惋,娩,畹,莞,绾,琬,菀,脘,輓,箢,盌,鋺,晩	wàn 万,腕,萬,翫,瞣,綄,脕,輐	
ван	wang		wāng 汪,尢	wáng 王,亡	wǎng 往,网,枉,惘,罔,魍,網,辋,菵,蝄,罒	wàng 王,望,忘,妄,旺,盳,迋	
вэй	wei		wēi 委,威,微,危,薇,巍,偎,崴,煨,逶,葳,隈,鳂,葨	wéi 为,维,围,唯,违,韦,惟,喂,帷,桅,圩,闱,潍,嵬,帏,維,涠,鮠,鍏,鄬,違,硙,矀,囲,為,韋,圍,爲,囗	wěi 委,唯,伟,尾,伪,纬,萎,苇,娓,猥,诿,痿,炜,隗,玮,韪,艉,鲔,洧,頠,薳,緯,葦,骫,磈,硊,骩,蔿,諉,鮪,偉,偽	wèi 为,位,未,卫,味,谓,慰,魏,胃,喂,畏,尉,蔚,渭,猬,鳚,衛,謂,霨,蝟,苿,讏,硙,鏏,軎,餵,磑,藯,躛,蜼,鮇,為,爲,衞	
вэнь	wen		wēn 温,瘟,鳁,辒,緼,溫	wén 文,闻,纹,蚊,雯,阌,玟,聞,闅,閺,鼤,紋,閿,繧,螡,魰	wěn 稳,吻,紊,刎,穩,脗,穏	wèn 问,汶,璺,顐,問	
вэн	weng		wēng 翁,嗡,聬,鹟,鶲		wěng 蓊	wèng 瓮,蕹,罋,齆	
во	wo		wō 窝,涡,倭,挝,蜗,莴,窩,緺,萵,蝸,渦		wǒ 我	wò 握,沃,卧,斡,渥,龌,幄,硪,肟,臥,臒,馧	wo 喔
у	wu		wū 屋,乌,污,於,巫,呜,诬,钨,邬,圬,鴮,螐,鰞,汚,烏,嗚,誣,汙	wú 无,吴,吾,毋,唔,芜,梧,蜈,庑,浯,鼯,鹀,铻,茣,祦,莁,無,呉,吳	wǔ 五,武,午,舞,伍,侮,捂,鹉,妩,庑,忤,迕,怃,仵,牾,碔,憮	wù 物,务,恶,误,悟,雾,勿,晤,兀,坞,戊,鋈,骛,鹜,婺,寤,焐,芴,杌,誤,靰,霚,痦,霧,阢,趶,蘁,鶩,務,惡,噁	
си	xi		xī 西,息,希,吸,析,悉,腊,惜,稀,牺,夕,锡,溪,晰,膝,昔,嘻,熙,兮,熄,茜,嬉,奚,犀,螅,曦,蟋,熹,蹊,羲,汐,烯,蜥,皙,醯,唏,淅,僖,硒,窸,翕,浠,矽,诶,裼,舾,穸,欷,谿,樨,粞,菥,豨,鼷,鸂,錫,觿,豀,觽,糦,鏭,睎,礂,饻,翖,闟,犠,扱,渓,犧	xí 习,席,袭,媳,褶,檄,習,隰,觋,郋,襲,鳛,騽,霫,蓆,薂,鎴	xǐ 喜,洗,禧,徙,玺,铣,葸,屣,蓰,銑,蟢,璽	xì 系,细,戏,隙,阋,饩,細,郤,禊,郄,舄,繫,衋,盻,绤,稧,繋,肸,舃,鑴,餼,係,戯,潟,戲	
ся	xia		xiā 瞎,虾,呷,鰕,蝦	xiá 侠,辖,峡,狭,霞,暇,匣,瑕,遐,黠,狎,硖,柙,祫,陜,鎋,翈,轄,狹,峽,俠		xià 下,夏,吓,厦,罅,睱,嚇,廈	
сянь	xian		xiān 先,鲜,仙,纤,掀,酰,暹,锨,跹,籼,氙,祆,莶,铦,鮮,纖,韱,鱻,繊	xián 闲,嫌,贤,弦,衔,咸,舷,娴,涎,痫,鹇,鹹,絃,賢,藖,鷳,衘,醎,蚿,鷼,銜,閑,鷴,稴,啣	xiǎn 显,险,鲜,藓,铣,蚬,跣,冼,燹,顯,險,鮮,筅,彡,猃,銑,蜆,顕,険	xiàn 现,见,线,限,县,献,陷,宪,腺,羡,馅,霰,苋,見,岘,線,粯,軐,県,睍,縣,糮,現,羨,陥,憲,獻,餡	
сян	xiang		xiāng 相,香,乡,箱,湘,厢,镶,襄,骧,芗,缃,鄉,葙,纕,緗,鑲,郷,廂,鄕	xiáng 降,详,祥,翔,庠,詳	xiǎng 想,响,享,饷,飨,響,鲞,餉,饟,鯗,饗	xiàng 向,相,像,象,项,巷,橡,項,衖,蟓,鱌,嚮	
сяо	xiao		xiāo 消,销,削,萧,肖,嚣,硝,霄,宵,潇,逍,箫,枭,骁,魈,枵,绡,哓,鸮,蛸,膮,銷,睄,骹,虈,硣,簫,簘,蟂,踃,鴵,颵,鴞,囂,蕭,瀟	xiáo 淆,崤	xiǎo 小,晓,筱,篠,謏,暁,曉,⺍	xiào 笑,效,校,肖,孝,啸,哮,薢,薂,効,咲,嘯,傚	
се	xie		xiē 些,歇,楔,蝎,蠍	xié 协,叶,胁,邪,鞋,斜,携,谐,挟,颉,偕,撷,缬,勰,絜,龤,脅,諧,綊,縀,協,脇,攜,挾	xiě 写,藛,寫	xiè 解,谢,械,泄,卸,屑,懈,泻,蟹,亵,榭,燮,邂,獬,骱,瀣,謝,榍,渫,廨,躞,绁,薤,韰,絏,齛,缷,蠏,緤,洩,瀉	
синь	xin		xīn 心,新,辛,欣,薪,芯,馨,锌,鑫,忻,歆,莘,昕,訢,鋅,忄	xín 鄩,镡		xìn 信,芯,衅,囟,軐,舋,釁	
син	xing		xīng 兴,星,猩,腥,惺,興,篂,骍	xíng 行,形,型,刑,邢,硎,饧,荥,陉,铏,钘,銒	xǐng 省,醒,擤	xìng 性,兴,幸,姓,杏,悻,荇,興,臖,莕,倖	
сюн	xiong		xiōng 兄,胸,凶,匈,汹,芎,詾,賯,匂,兇,洶,㐫	xióng 雄,熊		xiòng 诇,詗	
сю	xiu		xiū 修,休,羞,馐,咻,庥,鸺,髹,脩,貅,髤,脙,鵂,饈,銝		xiǔ 宿,朽	xiù 秀,袖,宿,臭,绣,嗅,锈,岫,溴,褏,褎,螑,鏽,繍,繡,銹	
сюй	xu		xū 需,须,虚,吁,墟,嘘,胥,戌,圩,虛,砉,須,繻,盱,谞,諝,譃,虗,魖,訏,鬚,蕦,蝑	xú 徐,禑	xǔ 许,栩,诩,許,糈,鄦,醑,盨	xù 续,序,绪,叙,蓄,畜,旭,婿,絮,恤,顼,煦,蓿,酗,勖,溆,續,魆,藚,洫,緒,藇,聟,銊,稸,鱮,頊,訹,盢,続,敘,緖,敍	
сюань	xuan		xuān 宣,轩,喧,暄,煊,萱,谖,揎,儇,譞,蕿,翧,軒,矎,禤,駨,諠,睻,吅	xuán 旋,玄,悬,璇,漩,蜁,痃,懸	xuǎn 选,癣,選	xuàn 旋,眩,炫,渲,绚,铉,楦,泫,镟,衒,袨,縼,蔙,絢	
сюэ	xue		xuē 削,薛,靴	xué 学,穴,踅,泶,袕,鸴,鷽,學	xuě 雪,鳕	xuè 血,谑	
сюнь	xun		xūn 勋,熏,薰,醺,獯,埙,窨,曛,纁,臐,矄,勲,薫,勳	xún 寻,巡,询,循,旬,荀,洵,荨,峋,鲟,浔,恂,蟫,詢,郇,紃,蕁,蟳,駨,尋		xùn 训,迅,讯,逊,驯,殉,汛,徇,巽,訓,蕈,訊,訙,遜,稄,顨,馴	
я	ya		yā 压,押,鸭,哑,鸦,丫,桠,垭,鴨,鴉,圧,壓,啞	yá 牙,崖,涯,芽,衙,伢,蚜,琊,睚,岈	yǎ 雅,哑,痖,唖,啞,疋	yà 亚,压,讶,娅,轧,氩,迓,砑,揠,齾,錏,铔,訝,襾,窫,亜,冴,軋,壓,亞,乚	ya 呀
яай	yai						
янь	yan		yān 烟,咽,殷,焉,淹,奄,嫣,阉,湮,腌,胭,阏,菸,恹,鄢,崦,洇,硽,醃,閹,煙	yán 言,研,严,延,沿,炎,岩,颜,盐,阎,檐,蜒,筵,妍,闫,硏,顏,鹽,埏,綖,麣,簷,閻,莚,顔,訮,鈆,塩,厳,巌,嚴,嵒,巖,讠	yǎn 眼,演,掩,衍,奄,俨,偃,魇,兖,鼹,琰,厣,郾,罨,剡,顩,蝘,硽,龑,黡,鶠,裺,黶	yàn 验,厌,燕,咽,艳,宴,焰,雁,彦,堰,谚,晏,砚,赝,唁,驗,餍,焱,滟,酽,谳,鷃,軅,讞,艷,酀,醼,饜,讌,艶,諺,鴳,鬳,験,厭,彥,豔,嚥,燄	
ян	yang		yāng 央,鞅,秧,殃,鸯,泱,鴦,眏	yáng 阳,洋,杨,扬,羊,疡,佯,炀,陽,烊,蛘,徉,飏,諹,钖,輰,颺,鴹,鍚,揚,瘍,楊,昜	yǎng 养,仰,氧,痒,養,駚,眏,紻,癢	yàng 样,漾,恙,怏,羕,詇,様,樣	
яо	yao		yāo 要,约,腰,邀,妖,夭,吆,幺,約,祅,訞	yáo 摇,遥,姚,窑,谣,瑶,尧,肴,爻,徭,繇,鳐,铫,轺,珧,飖,遙,餆,餚,窯,謡,謠,颻,揺,尭,堯,搖	yǎo 咬,杳,舀,窈,崾,闄,窔,窅,蓔	yào 要,药,耀,藥,鹞,疟,曜,艞,靿,葯,矅,箹,薬,燿	
е	ye		yē 耶,掖,椰,噎,窫	yé 爷,耶,揶,爺	yě 也,野,冶	yè 业,夜,叶,页,液,咽,拽,曳,谒,腋,掖,邺,晔,烨,靥,葉,頁,鐷,鍱,謁,業	ye 耶
и	yi		yī 一,医,依,衣,伊,揖,醫,漪,噫,壹,咿,铱,猗,欹,祎,黟,蛜,鷖,壱,衤	yí 疑,移,遗,仪,宜,姨,夷,怡,颐,咦,胰,贻,彝,沂,诒,迤,饴,痍,眙,遺,荑,嶷,圯,讉,迻,頉,貤,簃,迆,訑,頤,詒,箷,袘,貽,鴺,羠,儀,飴	yǐ 以,已,尾,椅,乙,矣,蚁,倚,迤,旖,苡,钇,螘,顗,齮,蟻,笖,艤,舣,迆,釔,礒,⺄	yì 意,义,议,易,益,异,衣,艺,亦,亿,译,役,艾,翼,忆,抑,疫,毅,谊,逸,溢,裔,懿,绎,奕,芸,邑,诣,驿,翌,臆,佚,屹,谥,轶,熠,弋,弈,翊,呓,蜴,薏,刈,羿,缢,翳,镒,嗌,峄,悒,肄,挹,癔,仡,義,議,怿,佾,瘗,埸,劓,鎰,袣,镱,殪,睪,齸,詣,藙,蓺,鷧,藝,譯,蛡,鶃,褹,肊,裛,耴,饐,豷,鶍,鷁,苅,謚,鐿,袘,讛,贀,驛,螠,憶,億,訳,異,駅,誼,繹,乂	
инь	yin		yīn 因,音,阴,姻,殷,茵,湮,氤,喑,陰,洇,堙,铟,骃,禋,秵,絪,闉,駰,裀,隂,霠,銦,蒑,陻	yín 银,吟,淫,寅,龈,垠,夤,鄞,狺,龂,霪,銀,蟫,訚,鷣,齗,齦,訔,誾,碒,訡	yǐn 听,引,隐,饮,殷,尹,瘾,蚓,縯,飲,隱,吲,粌,飮,靷,隠,癮,廴	yìn 印,隐,饮,荫,胤,飲,窨,隱,鮣,茚,酳,蔭,廴	
ин	ying		yīng 应,英,鹰,婴,樱,莺,瑛,鹦,膺,缨,嘤,罂,璎,撄,韺,鷹,锳,軈,譻,罃,桜,應,嬰,櫻,鶯	yíng 营,迎,赢,盈,莹,蝇,荧,萤,瀛,萦,嬴,滢,楹,潆,茔,蓥,蝿,贏,縈,藀,蠅,螢,蛍,営,營,瑩	yǐng 影,颖,颍,郢,瘿,穎	yìng 应,硬,映,媵,眏,応,應	
юн	yong		yōng 拥,庸,佣,雍,臃,邕,慵,痈,饔,壅,镛,墉,鳙,鄘,擁,傭	yóng 喁,顒,颙,鰫	yǒng 永,勇,涌,泳,咏,踊,恿,蛹,甬,俑,鯒,禜,詠,踴,鲬,湧	yòng 用,佣	
ё	yo		yō 哟,唷,喲				yo 哟,唷,喲
ю	you		yōu 优,忧,幽,悠,攸,呦,麀,耰,憂,優	yóu 由,游,油,尤,犹,邮,铀,疣,鱿,猷,莜,莸,繇,蝣,蚰,輶,鲉,莤,逌,遊,鈾,郵,鮋,猶,斿	yǒu 有,友,黝,酉,莠,牖,卣,铕,羑,蜏,苃	yòu 又,右,幼,诱,佑,釉,祐,柚,囿,宥,蚴,鼬,侑,誘,鴢	
юй	yu		yū 於,迂,淤,瘀,菸,纡,穻,盓	yú 于,与,余,鱼,予,渔,愚,愉,舆,娱,逾,瑜,虞,禺,俞,榆,隅,渝,欤,谀,盂,馀,與,觎,腴,臾,揄,竽,畲,萸,嵛,窬,蝓,餘,踰,雩,狳,舁,妤,魚,隃,邘,轝,諛,輿,魣,釪,羭,緰,漁,娯,娛	yǔ 与,语,予,雨,宇,羽,屿,禹,與,龉,俣,庾,圄,窳,伛,語,圉,瘐,貐,頨,穻,祤,嶼	yù 与,语,育,预,域,遇,雨,玉,欲,愈,御,狱,誉,郁,豫,裕,吁,寓,喻,浴,谕,毓,粥,禺,蔚,驭,聿,煜,芋,峪,與,熨,钰,昱,阈,妪,鹬,饫,鬻,鹆,蜮,肀,預,燠,語,遹,鬱,蓣,鴥,矞,禦,鋊,鴪,礜,譽,軉,鴧,籲,翑,鈺,閾,籞,隩,驈,粖,袬,蘌,錥,礇,蕷,鳿,獄,諭,癒,喩,慾,瘉	
юань	yuan		yuān 渊,冤,鸳,鸢,眢,箢,鹓,蜎,肙,葾,鳶,鼘,淵	yuán 原,员,元,源,园,圆,援,缘,袁,猿,垣,辕,媛,沅,爰,鼋,圜,芫,螈,塬,橼,緣,鈨,贠,蝝,蚖,鶢,黿,縁,薗,笎,員,園,円,圓,轅	yuǎn 远,遠	yuàn 院,远,愿,怨,苑,媛,掾,瑗,遠,垸,願,褑,禐,夗	
юэ	yue		yuē 约,曰,約,箹		yuě 哕	yuè 月,越,乐,阅,跃,岳,悦,钥,粤,樾,刖,钺,閱,龠,籥,瀹,臒,躍,籆,趯,軏,粵,鑰,礿,閲,楽,樂,悅,嶽	
юнь	yun		yūn 晕,氲,赟,贇,缊,馧,縕,蝹,緼,蒕,暈	yún 云,匀,芸,鋆,耘,纭,筠,郧,昀,雲,蒷,筼,眃,縜,伝,勻	yǔn 允,陨,殒,狁,馻,霣,賱	yùn 运,孕,晕,韵,蕴,酝,熨,愠,恽,郓,韫,運,蕰,藴,韻,缊,腪,縕,緷,薀,醖,韗,緼,醞,暈,蘊	
цза	za		zā 扎,咂,匝,臜,紮,鉔,魳,帀	zá 杂,咱,砸,雜,襍,雑,韴	zǎ 咋		
цзай	zai		zāi 灾,栽,哉,甾,賳,災		zǎi 载,仔,宰,崽,載	zài 在,再,载,載,縡,酨	
цзань	zan		zān 簪,糌,篸	zán 咱,偺	zǎn 攒,昝,趱,拶,攢	zàn 赞,暂,瓒,錾,讚,酂,酇,贊,饡,賛,暫,讃	
цзан	zang		zāng 脏,赃,臧,髒,臢,贓		zǎng 驵	zàng 藏,脏,葬,奘,臟,臓	
цзао	zao		zāo 遭,糟,蹧	záo 凿,鑿	zǎo 早,藻,澡,枣,蚤,棗	zào 造,躁,燥,灶,噪,皂,唣,譟,趮,艁	
цзэ	ze			zé 则,责,泽,择,咋,啧,赜,笮,舴,帻,迮,責,箦,礋,齰,蠌,則,沢,択,擇,澤		zè 仄,昃,稄	
цзэй	zei			zéi 贼,鲗,蠈,賊			
цзэнь	zen				zěn 怎	zèn 谮	
цзэн	zeng		zēng 增,曾,憎,缯,罾,矰,譄,繒,磳,増	zéng 鄫		zèng 综,赠,锃,甑,缯,綜,贈,繒	
чжа	zha		zhā 查,扎,渣,喳,楂,吒,揸,紮,齄,哳	zhá 炸,扎,札,轧,闸,铡,霅,譗,軋,閘	zhǎ 眨,砟,鲝,鲊,苲	zhà 炸,诈,咋,乍,栅,榨,蚱,咤,吒,醡,痄,詐,搾,柵	
чжай	zhai		zhāi 侧,摘,斋,齋,側,斎	zhái 宅,翟	zhǎi 窄	zhài 债,祭,寨,砦,瘵,債	
чжань	zhan		zhān 占,粘,沾,詹,瞻,毡,旃,谵,霑,饘,鹯,邅,鳣,鱣,驙,譫,飦,鸇,薝,詀	zhán 讝	zhǎn 展,斩,盏,崭,辗,輾,搌,飐,盞,醆,斬,嶄	zhàn 战,站,占,绽,湛,栈,蘸,襢,蹔,菚,桟,戦,綻,戰,佔	
чжан	zhang		zhāng 张,章,彰,璋,漳,樟,蟑,鄣,獐,嫜,餦,麞,粻,鏱,蔁,騿,張		zhǎng 长,掌,涨,長,仉,鞝,漲	zhàng 障,丈,帐,仗,涨,胀,账,杖,瘴,嶂,幛,脹,瞕,帳,漲,賬	
чжао	zhao		zhāo 着,朝,招,昭,嘲,钊,駋	zháo 着	zhǎo 找,沼,菬,爫	zhào 照,赵,召,罩,兆,诏,肇,濯,笊,棹,鮡,趙,詔	
чжэ	zhe		zhē 折,遮,蜇	zhé 哲,折,乙,辙,辄,蛰,摺,蜇,谪,乇,磔,謺,袩,粍,詟,矺,輒,轍,乛,⺄	zhě 者,褶,赭,锗	zhè 这,浙,蔗,這,鹧,柘,蟅	zhe 着
чжэй	zhei						
чжэнь	zhen		zhēn 真,针,珍,侦,贞,斟,臻,帧,桢,祯,甄,箴,砧,榛,針,胗,溱,蓁,鉁,禛,鱵,葴,貞,禎,鍼,眞,偵,槙		zhěn 诊,枕,疹,缜,稹,診,畛,轸,袗,覙,紾,眕,槙	zhèn 阵,镇,震,振,圳,朕,赈,鸩,鎮,陣,鎭,酖,絼,紖,眹,賑	
чжэн	zheng		zhēng 正,争,征,症,挣,睁,怔,蒸,铮,筝,狰,峥,钲,箏,篜,徴,爭,睜,掙		zhěng 整,拯	zhèng 正,政,证,郑,症,挣,怔,诤,證,証,掙,鄭,癥	
чжи	zhi		zhī 之,只,知,支,织,枝,氏,芝,脂,肢,汁,吱,蜘,祗,胝,卮,栀,織,隻,跂,鴲,胑,衼,菭,鼅,鳷	zhí 直,值,职,执,植,殖,侄,踯,摭,跖,蹠,絷,埴,職,禃,膱,稙,値,執,姪	zhǐ 只,指,止,纸,旨,址,趾,徵,咫,酯,芷,祉,枳,阯,黹,紙,轵,藢,凪,夂	zhì 制,至,治,识,质,致,志,置,智,秩,滞,掷,稚,帜,挚,峙,窒,炙,痔,痣,蛭,郅,觯,雉,栉,桎,質,鸷,帙,贽,陟,織,骘,彘,轾,踬,製,忮,誌,铚,穉,袠,鉄,芖,紩,鑕,翐,秲,緻,騺,聜,跱,鋕,袟,锧,覟,贄,驇,隲,鴙,摯,櫛,滯,幟,擲	
чжун	zhong		zhōng 中,终,钟,忠,衷,盅,锺,忪,螽,舯,終,鐘,螤,蹱,鈡,柊,鍾		zhǒng 种,肿,冢,踵,種,腫,塚	zhòng 中,种,重,众,仲,種,眾,諥,茽,衆	
чжоу	zhou		zhōu 周,洲,州,舟,粥,诌,啁,週,赒,诪,辀,盩,鸼,輈,輖,譸,翢	zhóu 轴,妯,碡,軸	zhǒu 肘,帚,箒	zhòu 宙,皱,骤,咒,轴,昼,胄,纣,绉,繇,籀,軸,驟,酎,籒,紂,荮,呪,皺,晝	
чжу	zhu		zhū 诸,朱,珠,猪,株,蛛,诛,铢,侏,潴,茱,洙,橥,槠,諸,邾,硃,豬,鼄,秼,蠩	zhú 术,逐,竹,烛,竺,術,躅,舳,蠋,窋,蠾,磩,茿,笜,燭,朮	zhǔ 主,属,嘱,煮,瞩,褚,拄,渚,麈,詝,陼,矚,鸀,砫,屬,囑,丶	zhù 住,注,助,著,筑,驻,祝,柱,铸,贮,蛀,伫,杼,箸,炷,苎,翥,纻,貯,跓,麆,疰,築,竚,紵,鑄,飳,駐,羜,註,祩,鋳,佇	
чжуа	zhua		zhuā 抓,挝,膼,髽		zhuǎ 爪		
чжуай	zhuai		zhuāi 拽		zhuǎi 转,拽,轉	zhuài 拽,睉	
чжуань	zhuan		zhuān 专,砖,颛,顓,磚,耑,鄟,鱄,専,專		zhuǎn 转,轉,転	zhuàn 传,转,赚,撰,篆,馔,啭,轉,蒃,譔,賺,饌,傳	
чжуан	zhuang		zhuāng 装,庄,桩,妆,裝,莊,荘,粧,妝,樁		zhuǎng 奘	zhuàng 状,壮,撞,幢,僮,戆,壯,狀	
чжуй	zhui		zhuī 追,椎,锥,骓,隹,錐			zhuì 坠,缀,赘,惴,缒,贅,礈,錣,縋,諈,笍,綴,餟,墜	
чжунь	zhun		zhūn 屯,谆,肫,窀,諄,迍		zhǔn 准,準		
чжо	zhuo		zhuō 桌,捉,拙,涿,倬,棹,穱,穛	zhuó 着,卓,灼,琢,酌,浊,啄,镯,茁,擢,斫,濯,浞,诼,鷟,諑,蓔,鐲,蠗,濁			
цзы	zi		zī 资,仔,兹,姿,滋,咨,吱,孜,淄,辎,谘,龇,髭,孳,缁,呲,粢,赀,锱,訾,嵫,資,趑,鲻,茲,鯔,菑,觜,趦,茊,薋,葘,秶,諮,镃,貲,纃,禌,鄑,齜		zǐ 子,仔,紫,姊,籽,梓,滓,笫,訾,秭,茈	zì 自,字,渍,恣,眦,眥,胔,胾,荢,漬	zi 子
цзун	zong		zōng 宗,综,踪,棕,鬃,綜,鯮,蹤,腙,磫,繌,踨,鬉,騣,緵,骔		zǒng 总,偬,總,縂,蓗,総,惣	zòng 从,纵,粽,縱,繌,糉,緵,縦,從	
цзоу	zou		zōu 邹,诹,鲰,驺,鄹,陬,菆,齺,諏,緅		zǒu 走,鯐	zòu 奏,揍,楱	
цзу	zu		zū 租,菹	zú 足,族,卒,镞,箤,稡	zǔ 组,祖,阻,诅,俎,組,詛		
цзуань	zuan		zuān 钻,躜,鑽,躦		zuǎn 纂,缵,纘,繤,纉	zuàn 钻,赚,攥,鑽,賺	
цзуй	zui		zuī 纗		zuǐ 嘴,觜	zuì 最,罪,醉,蕞,鋷,稡,酔	
цзунь	zun		zūn 尊,遵,樽,鳟,鶎,鐏,鷷,罇,繜		zǔn 撙,繜,噂	zùn 俊,銌	
цзо	zuo		zuō 作,嘬	zuó 昨,琢,稓,筰	zuǒ 左,佐,撮	zuò 作,做,坐,座,唑,酢,祚,柞,胙,怍,阼,蓙	
	xx						
	r						